
  .   ____          _            __ _ _
 /\\ / ___'_ __ _ _(_)_ __  __ _ \ \ \ \
( ( )\___ | '_ | '_| | '_ \/ _` | \ \ \ \
 \\/  ___)| |_)| | | | | || (_| |  ) ) ) )
  '  |____| .__|_| |_|_| |_\__, | / / / /
 =========|_|==============|___/=/_/_/_/

 :: Spring Boot ::               (v3.5.16)

2026-09-25T01:28:07.202+05:30  INFO 19636 --- [online-quiz] [           main] com.example.quiz.QuizApplication         : Starting QuizApplication v0.0.1-SNAPSHOT using Java 25.0.4.1 with PID 19636 (C:\Users\prasa\online quiz\target\quiz-0.0.1-SNAPSHOT.jar started by prasa in C:\Users\prasa\online quiz)
2026-09-25T01:28:07.213+05:30  INFO 19636 --- [online-quiz] [           main] com.example.quiz.QuizApplication         : No active profile set, falling back to 1 default profile: "default"
2026-09-25T01:28:07.215+05:30 DEBUG 19636 --- [online-quiz] [           main] o.s.boot.SpringApplication               : Loading source class com.example.quiz.QuizApplication
2026-09-25T01:28:07.304+05:30 DEBUG 19636 --- [online-quiz] [           main] ConfigServletWebServerApplicationContext : Refreshing org.springframework.boot.web.servlet.context.AnnotationConfigServletWebServerApplicationContext@1c852c0f
2026-09-25T01:28:08.135+05:30  INFO 19636 --- [online-quiz] [           main] .s.d.r.c.RepositoryConfigurationDelegate : Bootstrapping Spring Data JPA repositories in DEFAULT mode.
2026-09-25T01:28:08.179+05:30 DEBUG 19636 --- [online-quiz] [           main] o.s.b.a.AutoConfigurationPackages        : @EnableAutoConfiguration was declared on a class in the package 'com.example.quiz'. Automatic @Repository and @Entity scanning is enabled.
2026-09-25T01:28:08.241+05:30  INFO 19636 --- [online-quiz] [           main] .s.d.r.c.RepositoryConfigurationDelegate : Finished Spring Data repository scanning in 85 ms. Found 3 JPA repository interfaces.
2026-09-25T01:28:16.946+05:30 DEBUG 19636 --- [online-quiz] [           main] .s.b.w.e.t.TomcatServletWebServerFactory : Code archive: C:\Users\prasa\online quiz\target\quiz-0.0.1-SNAPSHOT.jar
2026-09-25T01:28:16.948+05:30 DEBUG 19636 --- [online-quiz] [           main] .s.b.w.e.t.TomcatServletWebServerFactory : Code archive: C:\Users\prasa\online quiz\target\quiz-0.0.1-SNAPSHOT.jar
2026-09-25T01:28:16.950+05:30 DEBUG 19636 --- [online-quiz] [           main] .s.b.w.e.t.TomcatServletWebServerFactory : None of the document roots [src/main/webapp, public, static] point to a directory and will be ignored.
2026-09-25T01:28:16.986+05:30  INFO 19636 --- [online-quiz] [           main] o.s.b.w.embedded.tomcat.TomcatWebServer  : Tomcat initialized with port 8081 (http)
2026-09-25T01:28:17.004+05:30  INFO 19636 --- [online-quiz] [           main] o.apache.catalina.core.StandardService   : Starting service [Tomcat]
2026-09-25T01:28:17.005+05:30  INFO 19636 --- [online-quiz] [           main] o.apache.catalina.core.StandardEngine    : Starting Servlet engine: [Apache Tomcat/10.1.55]
2026-09-25T01:28:17.039+05:30  INFO 19636 --- [online-quiz] [           main] o.a.c.c.C.[Tomcat].[localhost].[/]       : Initializing Spring embedded WebApplicationContext
2026-09-25T01:28:17.041+05:30 DEBUG 19636 --- [online-quiz] [           main] w.s.c.ServletWebServerApplicationContext : Published root WebApplicationContext as ServletContext attribute with name [org.springframework.web.context.WebApplicationContext.ROOT]
2026-09-25T01:28:17.042+05:30  INFO 19636 --- [online-quiz] [           main] w.s.c.ServletWebServerApplicationContext : Root WebApplicationContext: initialization completed in 9737 ms
2026-09-25T01:28:17.062+05:30 DEBUG 19636 --- [online-quiz] [           main] o.s.b.w.s.ServletContextInitializerBeans : Mapping filters: characterEncodingFilter urls=[/*] order=-2147483648, formContentFilter urls=[/*] order=-9900, requestContextFilter urls=[/*] order=-105
2026-09-25T01:28:17.063+05:30 DEBUG 19636 --- [online-quiz] [           main] o.s.b.w.s.ServletContextInitializerBeans : Mapping servlets: dispatcherServlet urls=[/]
2026-09-25T01:28:17.097+05:30 DEBUG 19636 --- [online-quiz] [           main] o.s.b.w.s.f.OrderedRequestContextFilter  : Filter 'requestContextFilter' configured for use
2026-09-25T01:28:17.101+05:30 DEBUG 19636 --- [online-quiz] [           main] s.b.w.s.f.OrderedCharacterEncodingFilter : Filter 'characterEncodingFilter' configured for use
2026-09-25T01:28:17.102+05:30 DEBUG 19636 --- [online-quiz] [           main] o.s.b.w.s.f.OrderedFormContentFilter     : Filter 'formContentFilter' configured for use
2026-09-25T01:28:17.331+05:30  INFO 19636 --- [online-quiz] [           main] o.hibernate.jpa.internal.util.LogHelper  : HHH000204: Processing PersistenceUnitInfo [name: default]
2026-09-25T01:28:17.427+05:30  INFO 19636 --- [online-quiz] [           main] org.hibernate.Version                    : HHH000412: Hibernate ORM core version 6.6.53.Final
2026-09-25T01:28:17.475+05:30  INFO 19636 --- [online-quiz] [           main] o.h.c.internal.RegionFactoryInitiator    : HHH000026: Second-level cache disabled
2026-09-25T01:28:17.962+05:30  INFO 19636 --- [online-quiz] [           main] o.s.o.j.p.SpringPersistenceUnitInfo      : No LoadTimeWeaver setup: ignoring JPA class transformer
2026-09-25T01:28:18.020+05:30  INFO 19636 --- [online-quiz] [           main] com.zaxxer.hikari.HikariDataSource       : HikariPool-1 - Starting...
2026-09-25T01:28:18.389+05:30  INFO 19636 --- [online-quiz] [           main] com.zaxxer.hikari.pool.HikariPool        : HikariPool-1 - Added connection conn0: url=jdbc:h2:file:./data/quizdb user=SA
2026-09-25T01:28:18.400+05:30  INFO 19636 --- [online-quiz] [           main] com.zaxxer.hikari.HikariDataSource       : HikariPool-1 - Start completed.
2026-09-25T01:28:18.491+05:30  INFO 19636 --- [online-quiz] [           main] org.hibernate.orm.connections.pooling    : HHH10001005: Database info:
	Database JDBC URL [Connecting through datasource 'HikariDataSource (HikariPool-1)']
	Database driver: undefined/unknown
	Database version: 2.3.232
	Autocommit mode: undefined/unknown
	Isolation level: undefined/unknown
	Minimum pool size: undefined/unknown
	Maximum pool size: undefined/unknown
2026-09-25T01:28:19.646+05:30  INFO 19636 --- [online-quiz] [           main] o.h.e.t.j.p.i.JtaPlatformInitiator       : HHH000489: No JTA platform available (set 'hibernate.transaction.jta.platform' to enable JTA platform integration)
2026-09-25T01:28:19.723+05:30  INFO 19636 --- [online-quiz] [           main] j.LocalContainerEntityManagerFactoryBean : Initialized JPA EntityManagerFactory for persistence unit 'default'
2026-09-25T01:28:20.361+05:30 DEBUG 19636 --- [online-quiz] [           main] s.w.s.m.m.a.RequestMappingHandlerMapping : 11 mappings in 'requestMappingHandlerMapping'
2026-09-25T01:28:20.472+05:30 DEBUG 19636 --- [online-quiz] [           main] o.s.w.s.handler.SimpleUrlHandlerMapping  : Patterns [/webjars/**, /**] in 'resourceHandlerMapping'
2026-09-25T01:28:20.505+05:30 DEBUG 19636 --- [online-quiz] [           main] s.w.s.m.m.a.RequestMappingHandlerAdapter : ControllerAdvice beans: 0 @ModelAttribute, 0 @InitBinder, 1 RequestBodyAdvice, 1 ResponseBodyAdvice
2026-09-25T01:28:20.612+05:30 DEBUG 19636 --- [online-quiz] [           main] .m.m.a.ExceptionHandlerExceptionResolver : ControllerAdvice beans: 0 @ExceptionHandler, 1 ResponseBodyAdvice
2026-09-25T01:28:20.809+05:30  INFO 19636 --- [online-quiz] [           main] o.s.b.w.embedded.tomcat.TomcatWebServer  : Tomcat started on port 8081 (http) with context path '/'
2026-09-25T01:28:20.834+05:30 DEBUG 19636 --- [online-quiz] [           main] .s.b.a.l.ConditionEvaluationReportLogger : 


============================
CONDITIONS EVALUATION REPORT
============================


Positive matches:
-----------------

   AopAutoConfiguration matched:
      - @ConditionalOnBooleanProperty (spring.aop.auto=true) matched (OnPropertyCondition)

   AopAutoConfiguration.AspectJAutoProxyingConfiguration matched:
      - @ConditionalOnClass found required class 'org.aspectj.weaver.Advice' (OnClassCondition)

   AopAutoConfiguration.AspectJAutoProxyingConfiguration.CglibAutoProxyConfiguration matched:
      - @ConditionalOnBooleanProperty (spring.aop.proxy-target-class=true) matched (OnPropertyCondition)

   ApplicationAvailabilityAutoConfiguration#applicationAvailability matched:
      - @ConditionalOnMissingBean (types: org.springframework.boot.availability.ApplicationAvailability; SearchStrategy: all) did not find any beans (OnBeanCondition)

   DataSourceAutoConfiguration matched:
      - @ConditionalOnClass found required classes 'javax.sql.DataSource', 'org.springframework.jdbc.datasource.embedded.EmbeddedDatabaseType' (OnClassCondition)
      - @ConditionalOnMissingBean (types: io.r2dbc.spi.ConnectionFactory; SearchStrategy: all) did not find any beans (OnBeanCondition)

   DataSourceAutoConfiguration.PooledDataSourceConfiguration matched:
      - AnyNestedCondition 1 matched 1 did not; NestedCondition on DataSourceAutoConfiguration.PooledDataSourceCondition.PooledDataSourceAvailable PooledDataSource found supported DataSource; NestedCondition on DataSourceAutoConfiguration.PooledDataSourceCondition.ExplicitType @ConditionalOnProperty (spring.datasource.type) did not find property 'spring.datasource.type' (DataSourceAutoConfiguration.PooledDataSourceCondition)
      - @ConditionalOnMissingBean (types: javax.sql.DataSource,javax.sql.XADataSource; SearchStrategy: all) did not find any beans (OnBeanCondition)

   DataSourceAutoConfiguration.PooledDataSourceConfiguration#jdbcConnectionDetails matched:
      - @ConditionalOnMissingBean (types: org.springframework.boot.autoconfigure.jdbc.JdbcConnectionDetails; SearchStrategy: all) did not find any beans (OnBeanCondition)

   DataSourceConfiguration.Hikari matched:
      - @ConditionalOnClass found required class 'com.zaxxer.hikari.HikariDataSource' (OnClassCondition)
      - @ConditionalOnProperty (spring.datasource.type=com.zaxxer.hikari.HikariDataSource) matched (OnPropertyCondition)
      - @ConditionalOnMissingBean (types: javax.sql.DataSource; SearchStrategy: all) did not find any beans (OnBeanCondition)

   DataSourceInitializationConfiguration matched:
      - @ConditionalOnClass found required class 'org.springframework.jdbc.datasource.init.DatabasePopulator' (OnClassCondition)
      - @ConditionalOnSingleCandidate (types: javax.sql.DataSource; SearchStrategy: all) found a single bean 'dataSource'; @ConditionalOnMissingBean (types: org.springframework.boot.autoconfigure.sql.init.SqlDataSourceScriptDatabaseInitializer,org.springframework.boot.autoconfigure.sql.init.SqlR2dbcScriptDatabaseInitializer; SearchStrategy: all) did not find any beans (OnBeanCondition)

   DataSourcePoolMetadataProvidersConfiguration.HikariPoolDataSourceMetadataProviderConfiguration matched:
      - @ConditionalOnClass found required class 'com.zaxxer.hikari.HikariDataSource' (OnClassCondition)

   DataSourceTransactionManagerAutoConfiguration matched:
      - @ConditionalOnClass found required classes 'javax.sql.DataSource', 'org.springframework.jdbc.core.JdbcTemplate', 'org.springframework.transaction.TransactionManager' (OnClassCondition)

   DataSourceTransactionManagerAutoConfiguration.JdbcTransactionManagerConfiguration matched:
      - @ConditionalOnSingleCandidate (types: javax.sql.DataSource; SearchStrategy: all) found a single bean 'dataSource' (OnBeanCondition)

   DispatcherServletAutoConfiguration matched:
      - @ConditionalOnClass found required class 'org.springframework.web.servlet.DispatcherServlet' (OnClassCondition)
      - found 'session' scope (OnWebApplicationCondition)

   DispatcherServletAutoConfiguration.DispatcherServletConfiguration matched:
      - @ConditionalOnClass found required class 'jakarta.servlet.ServletRegistration' (OnClassCondition)
      - Default DispatcherServlet did not find dispatcher servlet beans (DispatcherServletAutoConfiguration.DefaultDispatcherServletCondition)

   DispatcherServletAutoConfiguration.DispatcherServletRegistrationConfiguration matched:
      - @ConditionalOnClass found required class 'jakarta.servlet.ServletRegistration' (OnClassCondition)
      - DispatcherServlet Registration did not find servlet registration bean (DispatcherServletAutoConfiguration.DispatcherServletRegistrationCondition)

   DispatcherServletAutoConfiguration.DispatcherServletRegistrationConfiguration#dispatcherServletRegistration matched:
      - @ConditionalOnBean (names: dispatcherServlet types: org.springframework.web.servlet.DispatcherServlet; SearchStrategy: all) found bean 'dispatcherServlet' (OnBeanCondition)

   EmbeddedWebServerFactoryCustomizerAutoConfiguration matched:
      - @ConditionalOnWebApplication (required) found 'session' scope (OnWebApplicationCondition)
      - @ConditionalOnWarDeployment the application is not deployed as a WAR file. (OnWarDeploymentCondition)

   EmbeddedWebServerFactoryCustomizerAutoConfiguration.TomcatWebServerFactoryCustomizerConfiguration matched:
      - @ConditionalOnClass found required classes 'org.apache.catalina.startup.Tomcat', 'org.apache.coyote.UpgradeProtocol' (OnClassCondition)

   ErrorMvcAutoConfiguration matched:
      - @ConditionalOnClass found required classes 'jakarta.servlet.Servlet', 'org.springframework.web.servlet.DispatcherServlet' (OnClassCondition)
      - found 'session' scope (OnWebApplicationCondition)

   ErrorMvcAutoConfiguration#basicErrorController matched:
      - @ConditionalOnMissingBean (types: org.springframework.boot.web.servlet.error.ErrorController; SearchStrategy: current) did not find any beans (OnBeanCondition)

   ErrorMvcAutoConfiguration#errorAttributes matched:
      - @ConditionalOnMissingBean (types: org.springframework.boot.web.servlet.error.ErrorAttributes; SearchStrategy: current) did not find any beans (OnBeanCondition)

   ErrorMvcAutoConfiguration.DefaultErrorViewResolverConfiguration#conventionErrorViewResolver matched:
      - @ConditionalOnBean (types: org.springframework.web.servlet.DispatcherServlet; SearchStrategy: all) found bean 'dispatcherServlet'; @ConditionalOnMissingBean (types: org.springframework.boot.autoconfigure.web.servlet.error.ErrorViewResolver; SearchStrategy: all) did not find any beans (OnBeanCondition)

   ErrorMvcAutoConfiguration.WhitelabelErrorViewConfiguration matched:
      - @ConditionalOnBooleanProperty (server.error.whitelabel.enabled=true) matched (OnPropertyCondition)
      - ErrorTemplate Missing did not find error template view (ErrorMvcAutoConfiguration.ErrorTemplateMissingCondition)

   ErrorMvcAutoConfiguration.WhitelabelErrorViewConfiguration#beanNameViewResolver matched:
      - @ConditionalOnMissingBean (types: org.springframework.web.servlet.view.BeanNameViewResolver; SearchStrategy: all) did not find any beans (OnBeanCondition)

   ErrorMvcAutoConfiguration.WhitelabelErrorViewConfiguration#defaultErrorView matched:
      - @ConditionalOnMissingBean (names: error; SearchStrategy: all) did not find any beans (OnBeanCondition)

   GenericCacheConfiguration matched:
      - Cache org.springframework.boot.autoconfigure.cache.GenericCacheConfiguration automatic cache type (CacheCondition)

   HibernateJpaAutoConfiguration matched:
      - @ConditionalOnClass found required classes 'org.springframework.orm.jpa.LocalContainerEntityManagerFactoryBean', 'jakarta.persistence.EntityManager', 'org.hibernate.engine.spi.SessionImplementor' (OnClassCondition)

   HibernateJpaConfiguration matched:
      - @ConditionalOnSingleCandidate (types: javax.sql.DataSource; SearchStrategy: all) found a single bean 'dataSource' (OnBeanCondition)

   HttpClientAutoConfiguration matched:
      - @ConditionalOnClass found required class 'org.springframework.http.client.ClientHttpRequestFactory' (OnClassCondition)
      - NoneNestedConditions 0 matched 1 did not; NestedCondition on NotReactiveWebApplicationCondition.ReactiveWebApplication did not find reactive web application classes (NotReactiveWebApplicationCondition)

   HttpClientAutoConfiguration#clientHttpRequestFactoryBuilder matched:
      - @ConditionalOnMissingBean (types: org.springframework.boot.http.client.ClientHttpRequestFactoryBuilder<?>; SearchStrategy: all) did not find any beans (OnBeanCondition)

   HttpClientAutoConfiguration#clientHttpRequestFactorySettings matched:
      - @ConditionalOnMissingBean (types: org.springframework.boot.http.client.ClientHttpRequestFactorySettings; SearchStrategy: all) did not find any beans (OnBeanCondition)

   HttpEncodingAutoConfiguration matched:
      - @ConditionalOnClass found required class 'org.springframework.web.filter.CharacterEncodingFilter' (OnClassCondition)
      - found 'session' scope (OnWebApplicationCondition)
      - @ConditionalOnBooleanProperty (server.servlet.encoding.enabled=true) matched (OnPropertyCondition)

   HttpEncodingAutoConfiguration#characterEncodingFilter matched:
      - @ConditionalOnMissingBean (types: org.springframework.web.filter.CharacterEncodingFilter; SearchStrategy: all) did not find any beans (OnBeanCondition)

   HttpMessageConvertersAutoConfiguration matched:
      - @ConditionalOnClass found required class 'org.springframework.http.converter.HttpMessageConverter' (OnClassCondition)
      - NoneNestedConditions 0 matched 1 did not; NestedCondition on HttpMessageConvertersAutoConfiguration.NotReactiveWebApplicationCondition.ReactiveWebApplication did not find reactive web application classes (HttpMessageConvertersAutoConfiguration.NotReactiveWebApplicationCondition)

   HttpMessageConvertersAutoConfiguration#messageConverters matched:
      - @ConditionalOnMissingBean (types: org.springframework.boot.autoconfigure.http.HttpMessageConverters; SearchStrategy: all) did not find any beans (OnBeanCondition)

   HttpMessageConvertersAutoConfiguration.StringHttpMessageConverterConfiguration matched:
      - @ConditionalOnClass found required class 'org.springframework.http.converter.StringHttpMessageConverter' (OnClassCondition)

   HttpMessageConvertersAutoConfiguration.StringHttpMessageConverterConfiguration#stringHttpMessageConverter matched:
      - @ConditionalOnMissingBean (types: org.springframework.http.converter.StringHttpMessageConverter; SearchStrategy: all) did not find any beans (OnBeanCondition)

   JacksonAutoConfiguration matched:
      - @ConditionalOnClass found required class 'com.fasterxml.jackson.databind.ObjectMapper' (OnClassCondition)

   JacksonAutoConfiguration.Jackson2ObjectMapperBuilderCustomizerConfiguration matched:
      - @ConditionalOnClass found required class 'org.springframework.http.converter.json.Jackson2ObjectMapperBuilder' (OnClassCondition)

   JacksonAutoConfiguration.JacksonObjectMapperBuilderConfiguration matched:
      - @ConditionalOnClass found required class 'org.springframework.http.converter.json.Jackson2ObjectMapperBuilder' (OnClassCondition)

   JacksonAutoConfiguration.JacksonObjectMapperBuilderConfiguration#jacksonObjectMapperBuilder matched:
      - @ConditionalOnMissingBean (types: org.springframework.http.converter.json.Jackson2ObjectMapperBuilder; SearchStrategy: all) did not find any beans (OnBeanCondition)

   JacksonAutoConfiguration.JacksonObjectMapperConfiguration matched:
      - @ConditionalOnClass found required class 'org.springframework.http.converter.json.Jackson2ObjectMapperBuilder' (OnClassCondition)

   JacksonAutoConfiguration.JacksonObjectMapperConfiguration#jacksonObjectMapper matched:
      - @ConditionalOnMissingBean (types: com.fasterxml.jackson.databind.ObjectMapper; SearchStrategy: all) did not find any beans (OnBeanCondition)

   JacksonAutoConfiguration.ParameterNamesModuleConfiguration matched:
      - @ConditionalOnClass found required class 'com.fasterxml.jackson.module.paramnames.ParameterNamesModule' (OnClassCondition)

   JacksonAutoConfiguration.ParameterNamesModuleConfiguration#parameterNamesModule matched:
      - @ConditionalOnMissingBean (types: com.fasterxml.jackson.module.paramnames.ParameterNamesModule; SearchStrategy: all) did not find any beans (OnBeanCondition)

   JacksonHttpMessageConvertersConfiguration.MappingJackson2HttpMessageConverterConfiguration matched:
      - @ConditionalOnClass found required class 'com.fasterxml.jackson.databind.ObjectMapper' (OnClassCondition)
      - @ConditionalOnPreferredJsonMapper JACKSON no property was configured and Jackson is the default (OnPreferredJsonMapperCondition)
      - @ConditionalOnBean (types: com.fasterxml.jackson.databind.ObjectMapper; SearchStrategy: all) found bean 'jacksonObjectMapper' (OnBeanCondition)

   JacksonHttpMessageConvertersConfiguration.MappingJackson2HttpMessageConverterConfiguration#mappingJackson2HttpMessageConverter matched:
      - @ConditionalOnMissingBean (types: org.springframework.http.converter.json.MappingJackson2HttpMessageConverter ignored: org.springframework.hateoas.server.mvc.TypeConstrainedMappingJackson2HttpMessageConverter,org.springframework.data.rest.webmvc.alps.AlpsJsonHttpMessageConverter; SearchStrategy: all) did not find any beans (OnBeanCondition)

   JdbcClientAutoConfiguration matched:
      - @ConditionalOnSingleCandidate (types: org.springframework.jdbc.core.namedparam.NamedParameterJdbcTemplate; SearchStrategy: all) found a single bean 'namedParameterJdbcTemplate'; @ConditionalOnMissingBean (types: org.springframework.jdbc.core.simple.JdbcClient; SearchStrategy: all) did not find any beans (OnBeanCondition)

   JdbcTemplateAutoConfiguration matched:
      - @ConditionalOnClass found required classes 'javax.sql.DataSource', 'org.springframework.jdbc.core.JdbcTemplate' (OnClassCondition)
      - @ConditionalOnSingleCandidate (types: javax.sql.DataSource; SearchStrategy: all) found a single bean 'dataSource' (OnBeanCondition)

   JdbcTemplateConfiguration matched:
      - @ConditionalOnMissingBean (types: org.springframework.jdbc.core.JdbcOperations; SearchStrategy: all) did not find any beans (OnBeanCondition)

   JpaBaseConfiguration#entityManagerFactory matched:
      - @ConditionalOnMissingBean (types: org.springframework.orm.jpa.LocalContainerEntityManagerFactoryBean,jakarta.persistence.EntityManagerFactory; SearchStrategy: all) did not find any beans (OnBeanCondition)

   JpaBaseConfiguration#entityManagerFactoryBuilder matched:
      - @ConditionalOnMissingBean (types: org.springframework.boot.orm.jpa.EntityManagerFactoryBuilder; SearchStrategy: all) did not find any beans (OnBeanCondition)

   JpaBaseConfiguration#jpaVendorAdapter matched:
      - @ConditionalOnMissingBean (types: org.springframework.orm.jpa.JpaVendorAdapter; SearchStrategy: all) did not find any beans (OnBeanCondition)

   JpaBaseConfiguration#transactionManager matched:
      - @ConditionalOnMissingBean (types: org.springframework.transaction.TransactionManager; SearchStrategy: all) did not find any beans (OnBeanCondition)

   JpaBaseConfiguration.PersistenceManagedTypesConfiguration matched:
      - @ConditionalOnMissingBean (types: org.springframework.orm.jpa.LocalContainerEntityManagerFactoryBean,jakarta.persistence.EntityManagerFactory; SearchStrategy: all) did not find any beans (OnBeanCondition)

   JpaBaseConfiguration.PersistenceManagedTypesConfiguration#persistenceManagedTypes matched:
      - @ConditionalOnMissingBean (types: org.springframework.orm.jpa.persistenceunit.PersistenceManagedTypes; SearchStrategy: all) did not find any beans (OnBeanCondition)

   JpaRepositoriesAutoConfiguration matched:
      - @ConditionalOnClass found required class 'org.springframework.data.jpa.repository.JpaRepository' (OnClassCondition)
      - @ConditionalOnBooleanProperty (spring.data.jpa.repositories.enabled=true) matched (OnPropertyCondition)
      - @ConditionalOnBean (types: javax.sql.DataSource; SearchStrategy: all) found bean 'dataSource'; @ConditionalOnMissingBean (types: org.springframework.data.jpa.repository.support.JpaRepositoryFactoryBean,org.springframework.data.jpa.repository.config.JpaRepositoryConfigExtension; SearchStrategy: all) did not find any beans (OnBeanCondition)

   JtaAutoConfiguration matched:
      - @ConditionalOnClass found required class 'jakarta.transaction.Transaction' (OnClassCondition)
      - @ConditionalOnBooleanProperty (spring.jta.enabled=true) matched (OnPropertyCondition)

   LifecycleAutoConfiguration#defaultLifecycleProcessor matched:
      - @ConditionalOnMissingBean (names: lifecycleProcessor; SearchStrategy: current) did not find any beans (OnBeanCondition)

   MultipartAutoConfiguration matched:
      - @ConditionalOnClass found required classes 'jakarta.servlet.Servlet', 'org.springframework.web.multipart.support.StandardServletMultipartResolver', 'jakarta.servlet.MultipartConfigElement' (OnClassCondition)
      - found 'session' scope (OnWebApplicationCondition)
      - @ConditionalOnBooleanProperty (spring.servlet.multipart.enabled=true) matched (OnPropertyCondition)

   MultipartAutoConfiguration#multipartConfigElement matched:
      - @ConditionalOnMissingBean (types: jakarta.servlet.MultipartConfigElement; SearchStrategy: all) did not find any beans (OnBeanCondition)

   MultipartAutoConfiguration#multipartResolver matched:
      - @ConditionalOnMissingBean (types: org.springframework.web.multipart.MultipartResolver; SearchStrategy: all) did not find any beans (OnBeanCondition)

   NamedParameterJdbcTemplateConfiguration matched:
      - @ConditionalOnSingleCandidate (types: org.springframework.jdbc.core.JdbcTemplate; SearchStrategy: all) found a single bean 'jdbcTemplate'; @ConditionalOnMissingBean (types: org.springframework.jdbc.core.namedparam.NamedParameterJdbcOperations; SearchStrategy: all) did not find any beans (OnBeanCondition)

   NoOpCacheConfiguration matched:
      - Cache org.springframework.boot.autoconfigure.cache.NoOpCacheConfiguration automatic cache type (CacheCondition)

   PersistenceExceptionTranslationAutoConfiguration matched:
      - @ConditionalOnClass found required class 'org.springframework.dao.annotation.PersistenceExceptionTranslationPostProcessor' (OnClassCondition)

   PersistenceExceptionTranslationAutoConfiguration#persistenceExceptionTranslationPostProcessor matched:
      - @ConditionalOnBooleanProperty (spring.dao.exceptiontranslation.enabled=true) matched (OnPropertyCondition)
      - @ConditionalOnMissingBean (types: org.springframework.dao.annotation.PersistenceExceptionTranslationPostProcessor; SearchStrategy: all) did not find any beans (OnBeanCondition)

   PropertyPlaceholderAutoConfiguration#propertySourcesPlaceholderConfigurer matched:
      - @ConditionalOnMissingBean (types: org.springframework.context.support.PropertySourcesPlaceholderConfigurer; SearchStrategy: current) did not find any beans (OnBeanCondition)

   RestClientAutoConfiguration matched:
      - @ConditionalOnClass found required class 'org.springframework.web.client.RestClient' (OnClassCondition)
      - AnyNestedCondition 1 matched 1 did not; NestedCondition on NotReactiveWebApplicationOrVirtualThreadsExecutorEnabledCondition.VirtualThreadsExecutorEnabled found non-matching nested conditions @ConditionalOnThreading did not find VIRTUAL; NestedCondition on NotReactiveWebApplicationOrVirtualThreadsExecutorEnabledCondition.NotReactiveWebApplication NoneNestedConditions 0 matched 1 did not; NestedCondition on NotReactiveWebApplicationCondition.ReactiveWebApplication did not find reactive web application classes (NotReactiveWebApplicationOrVirtualThreadsExecutorEnabledCondition)

   RestClientAutoConfiguration#httpMessageConvertersRestClientCustomizer matched:
      - @ConditionalOnMissingBean (types: org.springframework.boot.autoconfigure.web.client.HttpMessageConvertersRestClientCustomizer; SearchStrategy: all) did not find any beans (OnBeanCondition)

   RestClientAutoConfiguration#restClientBuilder matched:
      - @ConditionalOnMissingBean (types: org.springframework.web.client.RestClient$Builder; SearchStrategy: all) did not find any beans (OnBeanCondition)

   RestClientAutoConfiguration#restClientBuilderConfigurer matched:
      - @ConditionalOnMissingBean (types: org.springframework.boot.autoconfigure.web.client.RestClientBuilderConfigurer; SearchStrategy: all) did not find any beans (OnBeanCondition)

   RestClientAutoConfiguration#restClientSsl matched:
      - @ConditionalOnBean (types: org.springframework.boot.ssl.SslBundles; SearchStrategy: all) found bean 'sslBundleRegistry'; @ConditionalOnMissingBean (types: org.springframework.boot.autoconfigure.web.client.RestClientSsl; SearchStrategy: all) did not find any beans (OnBeanCondition)

   RestTemplateAutoConfiguration matched:
      - @ConditionalOnClass found required class 'org.springframework.web.client.RestTemplate' (OnClassCondition)
      - NoneNestedConditions 0 matched 1 did not; NestedCondition on NotReactiveWebApplicationCondition.ReactiveWebApplication did not find reactive web application classes (NotReactiveWebApplicationCondition)

   RestTemplateAutoConfiguration#restTemplateBuilder matched:
      - @ConditionalOnMissingBean (types: org.springframework.boot.web.client.RestTemplateBuilder; SearchStrategy: all) did not find any beans (OnBeanCondition)

   ServletWebServerFactoryAutoConfiguration matched:
      - @ConditionalOnClass found required class 'jakarta.servlet.ServletRequest' (OnClassCondition)
      - found 'session' scope (OnWebApplicationCondition)

   ServletWebServerFactoryAutoConfiguration.TomcatConfiguration matched:
      - @ConditionalOnClass found required class 'org.apache.catalina.startup.Tomcat' (OnClassCondition)

   ServletWebServerFactoryConfiguration.EmbeddedTomcat matched:
      - @ConditionalOnClass found required classes 'jakarta.servlet.Servlet', 'org.apache.catalina.startup.Tomcat', 'org.apache.coyote.UpgradeProtocol' (OnClassCondition)
      - @ConditionalOnMissingBean (types: org.springframework.boot.web.servlet.server.ServletWebServerFactory; SearchStrategy: current) did not find any beans (OnBeanCondition)

   SimpleCacheConfiguration matched:
      - Cache org.springframework.boot.autoconfigure.cache.SimpleCacheConfiguration automatic cache type (CacheCondition)

   SpringDataWebAutoConfiguration matched:
      - @ConditionalOnClass found required classes 'org.springframework.data.web.PageableHandlerMethodArgumentResolver', 'org.springframework.web.servlet.config.annotation.WebMvcConfigurer' (OnClassCondition)
      - found 'session' scope (OnWebApplicationCondition)
      - @ConditionalOnMissingBean (types: org.springframework.data.web.PageableHandlerMethodArgumentResolver; SearchStrategy: all) did not find any beans (OnBeanCondition)

   SpringDataWebAutoConfiguration#pageableCustomizer matched:
      - @ConditionalOnMissingBean (types: org.springframework.data.web.config.PageableHandlerMethodArgumentResolverCustomizer; SearchStrategy: all) did not find any beans (OnBeanCondition)

   SpringDataWebAutoConfiguration#sortCustomizer matched:
      - @ConditionalOnMissingBean (types: org.springframework.data.web.config.SortHandlerMethodArgumentResolverCustomizer; SearchStrategy: all) did not find any beans (OnBeanCondition)

   SpringDataWebAutoConfiguration#springDataWebSettings matched:
      - @ConditionalOnMissingBean (types: org.springframework.data.web.config.SpringDataWebSettings; SearchStrategy: all) did not find any beans (OnBeanCondition)

   SqlInitializationAutoConfiguration matched:
      - @ConditionalOnBooleanProperty (spring.sql.init.enabled=true) matched (OnPropertyCondition)
      - NoneNestedConditions 0 matched 1 did not; NestedCondition on SqlInitializationAutoConfiguration.SqlInitializationModeCondition.ModeIsNever @ConditionalOnProperty (spring.sql.init.mode=never) did not find property 'spring.sql.init.mode' (SqlInitializationAutoConfiguration.SqlInitializationModeCondition)

   SslAutoConfiguration#sslBundleRegistry matched:
      - @ConditionalOnMissingBean (types: org.springframework.boot.ssl.SslBundleRegistry,org.springframework.boot.ssl.SslBundles; SearchStrategy: all) did not find any beans (OnBeanCondition)

   TaskExecutionAutoConfiguration matched:
      - @ConditionalOnClass found required class 'org.springframework.scheduling.concurrent.ThreadPoolTaskExecutor' (OnClassCondition)

   TaskExecutorConfigurations.AsyncConfigurerConfiguration matched:
      - @ConditionalOnMissingBean (types: org.springframework.scheduling.annotation.AsyncConfigurer; SearchStrategy: all) did not find any beans (OnBeanCondition)

   TaskExecutorConfigurations.AsyncConfigurerConfiguration#applicationTaskExecutorAsyncConfigurer matched:
      - @ConditionalOnMissingBean (types: org.springframework.scheduling.annotation.AsyncConfigurer; SearchStrategy: all) did not find any beans (OnBeanCondition)

   TaskExecutorConfigurations.SimpleAsyncTaskExecutorBuilderConfiguration#simpleAsyncTaskExecutorBuilder matched:
      - @ConditionalOnMissingBean (types: org.springframework.boot.task.SimpleAsyncTaskExecutorBuilder; SearchStrategy: all) did not find any beans (OnBeanCondition)
      - @ConditionalOnThreading found PLATFORM (OnThreadingCondition)

   TaskExecutorConfigurations.TaskExecutorConfiguration matched:
      - AnyNestedCondition 1 matched 1 did not; NestedCondition on TaskExecutorConfigurations.OnExecutorCondition.ModelCondition @ConditionalOnProperty (spring.task.execution.mode=force) did not find property 'spring.task.execution.mode'; NestedCondition on TaskExecutorConfigurations.OnExecutorCondition.ExecutorBeanCondition @ConditionalOnMissingBean (types: java.util.concurrent.Executor; SearchStrategy: all) did not find any beans (TaskExecutorConfigurations.OnExecutorCondition)

   TaskExecutorConfigurations.TaskExecutorConfiguration#applicationTaskExecutor matched:
      - @ConditionalOnThreading found PLATFORM (OnThreadingCondition)

   TaskExecutorConfigurations.ThreadPoolTaskExecutorBuilderConfiguration#threadPoolTaskExecutorBuilder matched:
      - @ConditionalOnMissingBean (types: org.springframework.boot.task.ThreadPoolTaskExecutorBuilder; SearchStrategy: all) did not find any beans (OnBeanCondition)

   TaskSchedulingAutoConfiguration matched:
      - @ConditionalOnClass found required class 'org.springframework.scheduling.concurrent.ThreadPoolTaskScheduler' (OnClassCondition)

   TaskSchedulingConfigurations.SimpleAsyncTaskSchedulerBuilderConfiguration#simpleAsyncTaskSchedulerBuilder matched:
      - @ConditionalOnMissingBean (types: org.springframework.boot.task.SimpleAsyncTaskSchedulerBuilder; SearchStrategy: all) did not find any beans (OnBeanCondition)
      - @ConditionalOnThreading found PLATFORM (OnThreadingCondition)

   TaskSchedulingConfigurations.ThreadPoolTaskSchedulerBuilderConfiguration#threadPoolTaskSchedulerBuilder matched:
      - @ConditionalOnMissingBean (types: org.springframework.boot.task.ThreadPoolTaskSchedulerBuilder; SearchStrategy: all) did not find any beans (OnBeanCondition)

   TemplateEngineConfigurations.DefaultTemplateEngineConfiguration#templateEngine matched:
      - @ConditionalOnMissingBean (types: org.thymeleaf.spring6.ISpringTemplateEngine; SearchStrategy: all) did not find any beans (OnBeanCondition)

   ThymeleafAutoConfiguration matched:
      - @ConditionalOnClass found required classes 'org.thymeleaf.templatemode.TemplateMode', 'org.thymeleaf.spring6.SpringTemplateEngine' (OnClassCondition)

   ThymeleafAutoConfiguration.DefaultTemplateResolverConfiguration matched:
      - @ConditionalOnMissingBean (names: defaultTemplateResolver; SearchStrategy: all) did not find any beans (OnBeanCondition)

   ThymeleafAutoConfiguration.ThymeleafWebMvcConfiguration matched:
      - found 'session' scope (OnWebApplicationCondition)
      - @ConditionalOnBooleanProperty (spring.thymeleaf.enabled=true) matched (OnPropertyCondition)

   ThymeleafAutoConfiguration.ThymeleafWebMvcConfiguration.ThymeleafViewResolverConfiguration matched:
      - @ConditionalOnClass found required class 'org.springframework.web.servlet.view.AbstractCachingViewResolver' (OnClassCondition)

   ThymeleafAutoConfiguration.ThymeleafWebMvcConfiguration.ThymeleafViewResolverConfiguration#thymeleafViewResolver matched:
      - @ConditionalOnMissingBean (names: thymeleafViewResolver; SearchStrategy: all) did not find any beans (OnBeanCondition)

   TransactionAutoConfiguration matched:
      - @ConditionalOnClass found required class 'org.springframework.transaction.PlatformTransactionManager' (OnClassCondition)

   TransactionAutoConfiguration.EnableTransactionManagementConfiguration matched:
      - @ConditionalOnBean (types: org.springframework.transaction.TransactionManager; SearchStrategy: all) found bean 'transactionManager'; @ConditionalOnMissingBean (types: org.springframework.transaction.annotation.AbstractTransactionManagementConfiguration; SearchStrategy: all) did not find any beans (OnBeanCondition)

   TransactionAutoConfiguration.EnableTransactionManagementConfiguration.CglibAutoProxyConfiguration matched:
      - @ConditionalOnBooleanProperty (spring.aop.proxy-target-class=true) matched (OnPropertyCondition)

   TransactionAutoConfiguration.TransactionTemplateConfiguration matched:
      - @ConditionalOnSingleCandidate (types: org.springframework.transaction.PlatformTransactionManager; SearchStrategy: all) found a single bean 'transactionManager' (OnBeanCondition)

   TransactionAutoConfiguration.TransactionTemplateConfiguration#transactionTemplate matched:
      - @ConditionalOnMissingBean (types: org.springframework.transaction.support.TransactionOperations; SearchStrategy: all) did not find any beans (OnBeanCondition)

   TransactionManagerCustomizationAutoConfiguration matched:
      - @ConditionalOnClass found required class 'org.springframework.transaction.PlatformTransactionManager' (OnClassCondition)

   TransactionManagerCustomizationAutoConfiguration#platformTransactionManagerCustomizers matched:
      - @ConditionalOnMissingBean (types: org.springframework.boot.autoconfigure.transaction.TransactionManagerCustomizers; SearchStrategy: all) did not find any beans (OnBeanCondition)

   WebMvcAutoConfiguration matched:
      - @ConditionalOnClass found required classes 'jakarta.servlet.Servlet', 'org.springframework.web.servlet.DispatcherServlet', 'org.springframework.web.servlet.config.annotation.WebMvcConfigurer' (OnClassCondition)
      - found 'session' scope (OnWebApplicationCondition)
      - @ConditionalOnMissingBean (types: org.springframework.web.servlet.config.annotation.WebMvcConfigurationSupport; SearchStrategy: all) did not find any beans (OnBeanCondition)

   WebMvcAutoConfiguration#formContentFilter matched:
      - @ConditionalOnBooleanProperty (spring.mvc.formcontent.filter.enabled=true) matched (OnPropertyCondition)
      - @ConditionalOnMissingBean (types: org.springframework.web.filter.FormContentFilter; SearchStrategy: all) did not find any beans (OnBeanCondition)

   WebMvcAutoConfiguration.EnableWebMvcConfiguration#flashMapManager matched:
      - @ConditionalOnMissingBean (names: flashMapManager; SearchStrategy: all) did not find any beans (OnBeanCondition)

   WebMvcAutoConfiguration.EnableWebMvcConfiguration#localeResolver matched:
      - @ConditionalOnMissingBean (names: localeResolver; SearchStrategy: all) did not find any beans (OnBeanCondition)

   WebMvcAutoConfiguration.EnableWebMvcConfiguration#themeResolver matched:
      - @ConditionalOnMissingBean (names: themeResolver; SearchStrategy: all) did not find any beans (OnBeanCondition)

   WebMvcAutoConfiguration.EnableWebMvcConfiguration#viewNameTranslator matched:
      - @ConditionalOnMissingBean (names: viewNameTranslator; SearchStrategy: all) did not find any beans (OnBeanCondition)

   WebMvcAutoConfiguration.WebMvcAutoConfigurationAdapter#defaultViewResolver matched:
      - @ConditionalOnMissingBean (types: org.springframework.web.servlet.view.InternalResourceViewResolver; SearchStrategy: all) did not find any beans (OnBeanCondition)

   WebMvcAutoConfiguration.WebMvcAutoConfigurationAdapter#requestContextFilter matched:
      - @ConditionalOnMissingBean (types: org.springframework.web.context.request.RequestContextListener,org.springframework.web.filter.RequestContextFilter; SearchStrategy: all) did not find any beans (OnBeanCondition)

   WebMvcAutoConfiguration.WebMvcAutoConfigurationAdapter#viewResolver matched:
      - @ConditionalOnBean (types: org.springframework.web.servlet.ViewResolver; SearchStrategy: all) found beans 'defaultViewResolver', 'beanNameViewResolver', 'mvcViewResolver'; @ConditionalOnMissingBean (names: viewResolver types: org.springframework.web.servlet.view.ContentNegotiatingViewResolver; SearchStrategy: all) did not find any beans (OnBeanCondition)

   WebSocketServletAutoConfiguration matched:
      - @ConditionalOnClass found required classes 'jakarta.servlet.Servlet', 'jakarta.websocket.server.ServerContainer' (OnClassCondition)
      - found 'session' scope (OnWebApplicationCondition)

   WebSocketServletAutoConfiguration.TomcatWebSocketConfiguration matched:
      - @ConditionalOnClass found required classes 'org.apache.catalina.startup.Tomcat', 'org.apache.tomcat.websocket.server.WsSci' (OnClassCondition)

   WebSocketServletAutoConfiguration.TomcatWebSocketConfiguration#websocketServletWebServerCustomizer matched:
      - @ConditionalOnMissingBean (names: websocketServletWebServerCustomizer; SearchStrategy: all) did not find any beans (OnBeanCondition)


Negative matches:
-----------------

   ActiveMQAutoConfiguration:
      Did not match:
         - @ConditionalOnClass did not find required class 'jakarta.jms.ConnectionFactory' (OnClassCondition)

   AopAutoConfiguration.AspectJAutoProxyingConfiguration.JdkDynamicAutoProxyConfiguration:
      Did not match:
         - @ConditionalOnBooleanProperty (spring.aop.proxy-target-class=false) did not find property 'spring.aop.proxy-target-class' (OnPropertyCondition)

   AopAutoConfiguration.ClassProxyingConfiguration:
      Did not match:
         - @ConditionalOnMissingClass found unwanted class 'org.aspectj.weaver.Advice' (OnClassCondition)

   ArtemisAutoConfiguration:
      Did not match:
         - @ConditionalOnClass did not find required class 'jakarta.jms.ConnectionFactory' (OnClassCondition)

   BatchAutoConfiguration:
      Did not match:
         - @ConditionalOnClass did not find required class 'org.springframework.batch.core.launch.JobLauncher' (OnClassCondition)

   Cache2kCacheConfiguration:
      Did not match:
         - @ConditionalOnClass did not find required class 'org.cache2k.Cache2kBuilder' (OnClassCondition)

   CacheAutoConfiguration:
      Did not match:
         - @ConditionalOnBean (types: org.springframework.cache.interceptor.CacheAspectSupport; SearchStrategy: all) did not find any beans of type org.springframework.cache.interceptor.CacheAspectSupport (OnBeanCondition)
      Matched:
         - @ConditionalOnClass found required class 'org.springframework.cache.CacheManager' (OnClassCondition)

   CacheAutoConfiguration.CacheManagerEntityManagerFactoryDependsOnPostProcessor:
      Did not match:
         - Ancestor org.springframework.boot.autoconfigure.cache.CacheAutoConfiguration did not match (ConditionEvaluationReport.AncestorsMatchedCondition)
      Matched:
         - @ConditionalOnClass found required class 'org.springframework.orm.jpa.LocalContainerEntityManagerFactoryBean' (OnClassCondition)

   CaffeineCacheConfiguration:
      Did not match:
         - @ConditionalOnClass did not find required class 'com.github.benmanes.caffeine.cache.Caffeine' (OnClassCondition)

   CassandraAutoConfiguration:
      Did not match:
         - @ConditionalOnClass did not find required class 'com.datastax.oss.driver.api.core.CqlSession' (OnClassCondition)

   CassandraDataAutoConfiguration:
      Did not match:
         - @ConditionalOnClass did not find required class 'com.datastax.oss.driver.api.core.CqlSession' (OnClassCondition)

   CassandraReactiveDataAutoConfiguration:
      Did not match:
         - @ConditionalOnClass did not find required class 'com.datastax.oss.driver.api.core.CqlSession' (OnClassCondition)

   CassandraReactiveRepositoriesAutoConfiguration:
      Did not match:
         - @ConditionalOnClass did not find required class 'org.springframework.data.cassandra.ReactiveSession' (OnClassCondition)

   CassandraRepositoriesAutoConfiguration:
      Did not match:
         - @ConditionalOnClass did not find required class 'com.datastax.oss.driver.api.core.CqlSession' (OnClassCondition)

   org.springframework.boot.autoconfigure.http.client.reactive.ClientHttpConnectorAutoConfiguration:
      Did not match:
         - @ConditionalOnClass did not find required class 'reactor.core.publisher.Mono' (OnClassCondition)

   org.springframework.boot.autoconfigure.web.reactive.function.client.ClientHttpConnectorAutoConfiguration:
      Did not match:
         - @ConditionalOnClass did not find required class 'org.springframework.web.reactive.function.client.WebClient' (OnClassCondition)

   CodecsAutoConfiguration:
      Did not match:
         - @ConditionalOnClass did not find required class 'org.springframework.web.reactive.function.client.WebClient' (OnClassCondition)

   CouchbaseAutoConfiguration:
      Did not match:
         - @ConditionalOnClass did not find required class 'com.couchbase.client.java.Cluster' (OnClassCondition)

   CouchbaseCacheConfiguration:
      Did not match:
         - @ConditionalOnClass did not find required class 'com.couchbase.client.java.Cluster' (OnClassCondition)

   CouchbaseDataAutoConfiguration:
      Did not match:
         - @ConditionalOnClass did not find required class 'com.couchbase.client.java.Bucket' (OnClassCondition)

   CouchbaseReactiveDataAutoConfiguration:
      Did not match:
         - @ConditionalOnClass did not find required class 'com.couchbase.client.java.Cluster' (OnClassCondition)

   CouchbaseReactiveRepositoriesAutoConfiguration:
      Did not match:
         - @ConditionalOnClass did not find required class 'com.couchbase.client.java.Cluster' (OnClassCondition)

   CouchbaseRepositoriesAutoConfiguration:
      Did not match:
         - @ConditionalOnClass did not find required class 'com.couchbase.client.java.Bucket' (OnClassCondition)

   DataSourceAutoConfiguration.EmbeddedDatabaseConfiguration:
      Did not match:
         - EmbeddedDataSource spring.datasource.url is set (DataSourceAutoConfiguration.EmbeddedDatabaseCondition)

   DataSourceCheckpointRestoreConfiguration:
      Did not match:
         - @ConditionalOnClass did not find required class 'org.crac.Resource' (OnClassCondition)

   DataSourceConfiguration.Dbcp2:
      Did not match:
         - @ConditionalOnClass did not find required class 'org.apache.commons.dbcp2.BasicDataSource' (OnClassCondition)

   DataSourceConfiguration.Generic:
      Did not match:
         - @ConditionalOnProperty (spring.datasource.type) did not find property 'spring.datasource.type' (OnPropertyCondition)

   DataSourceConfiguration.OracleUcp:
      Did not match:
         - @ConditionalOnClass did not find required classes 'oracle.ucp.jdbc.PoolDataSourceImpl', 'oracle.jdbc.OracleConnection' (OnClassCondition)

   DataSourceConfiguration.Tomcat:
      Did not match:
         - @ConditionalOnClass did not find required class 'org.apache.tomcat.jdbc.pool.DataSource' (OnClassCondition)

   DataSourceJmxConfiguration:
      Did not match:
         - @ConditionalOnBooleanProperty (spring.jmx.enabled=true) did not find property 'spring.jmx.enabled' (OnPropertyCondition)

   DataSourcePoolMetadataProvidersConfiguration.CommonsDbcp2PoolDataSourceMetadataProviderConfiguration:
      Did not match:
         - @ConditionalOnClass did not find required class 'org.apache.commons.dbcp2.BasicDataSource' (OnClassCondition)

   DataSourcePoolMetadataProvidersConfiguration.OracleUcpPoolDataSourceMetadataProviderConfiguration:
      Did not match:
         - @ConditionalOnClass did not find required classes 'oracle.ucp.jdbc.PoolDataSource', 'oracle.jdbc.OracleConnection' (OnClassCondition)

   DataSourcePoolMetadataProvidersConfiguration.TomcatDataSourcePoolMetadataProviderConfiguration:
      Did not match:
         - @ConditionalOnClass did not find required class 'org.apache.tomcat.jdbc.pool.DataSource' (OnClassCondition)

   DataSourceTransactionManagerAutoConfiguration.JdbcTransactionManagerConfiguration#transactionManager:
      Did not match:
         - @ConditionalOnMissingBean (types: org.springframework.transaction.TransactionManager; SearchStrategy: all) found beans of type 'org.springframework.transaction.TransactionManager' transactionManager (OnBeanCondition)

   DispatcherServletAutoConfiguration.DispatcherServletConfiguration#multipartResolver:
      Did not match:
         - @ConditionalOnBean (types: org.springframework.web.multipart.MultipartResolver; SearchStrategy: all) did not find any beans of type org.springframework.web.multipart.MultipartResolver (OnBeanCondition)

   ElasticsearchClientAutoConfiguration:
      Did not match:
         - @ConditionalOnClass did not find required class 'co.elastic.clients.elasticsearch.ElasticsearchClient' (OnClassCondition)

   ElasticsearchDataAutoConfiguration:
      Did not match:
         - @ConditionalOnClass did not find required class 'org.springframework.data.elasticsearch.client.elc.ElasticsearchTemplate' (OnClassCondition)

   ElasticsearchRepositoriesAutoConfiguration:
      Did not match:
         - @ConditionalOnClass did not find required class 'org.springframework.data.elasticsearch.repository.ElasticsearchRepository' (OnClassCondition)

   ElasticsearchRestClientAutoConfiguration:
      Did not match:
         - @ConditionalOnClass did not find required class 'org.elasticsearch.client.RestClientBuilder' (OnClassCondition)

   EmbeddedLdapAutoConfiguration:
      Did not match:
         - @ConditionalOnClass did not find required class 'com.unboundid.ldap.listener.InMemoryDirectoryServer' (OnClassCondition)

   EmbeddedWebServerFactoryCustomizerAutoConfiguration.JettyWebServerFactoryCustomizerConfiguration:
      Did not match:
         - @ConditionalOnClass did not find required classes 'org.eclipse.jetty.server.Server', 'org.eclipse.jetty.util.Loader', 'org.eclipse.jetty.ee10.webapp.WebAppContext' (OnClassCondition)

   EmbeddedWebServerFactoryCustomizerAutoConfiguration.NettyWebServerFactoryCustomizerConfiguration:
      Did not match:
         - @ConditionalOnClass did not find required class 'reactor.netty.http.server.HttpServer' (OnClassCondition)

   EmbeddedWebServerFactoryCustomizerAutoConfiguration.TomcatWebServerFactoryCustomizerConfiguration#tomcatVirtualThreadsProtocolHandlerCustomizer:
      Did not match:
         - @ConditionalOnThreading did not find VIRTUAL (OnThreadingCondition)

   EmbeddedWebServerFactoryCustomizerAutoConfiguration.UndertowWebServerFactoryCustomizerConfiguration:
      Did not match:
         - @ConditionalOnClass did not find required classes 'io.undertow.Undertow', 'org.xnio.SslClientAuthMode' (OnClassCondition)

   ErrorWebFluxAutoConfiguration:
      Did not match:
         - @ConditionalOnClass did not find required class 'org.springframework.web.reactive.config.WebFluxConfigurer' (OnClassCondition)

   FlywayAutoConfiguration:
      Did not match:
         - @ConditionalOnClass did not find required class 'org.flywaydb.core.Flyway' (OnClassCondition)

   FreeMarkerAutoConfiguration:
      Did not match:
         - @ConditionalOnClass did not find required class 'freemarker.template.Configuration' (OnClassCondition)

   GraphQlAutoConfiguration:
      Did not match:
         - @ConditionalOnClass did not find required class 'graphql.GraphQL' (OnClassCondition)

   GraphQlQueryByExampleAutoConfiguration:
      Did not match:
         - @ConditionalOnClass did not find required class 'graphql.GraphQL' (OnClassCondition)

   GraphQlQuerydslAutoConfiguration:
      Did not match:
         - @ConditionalOnClass did not find required class 'com.querydsl.core.Query' (OnClassCondition)

   GraphQlRSocketAutoConfiguration:
      Did not match:
         - @ConditionalOnClass did not find required class 'graphql.GraphQL' (OnClassCondition)

   GraphQlReactiveQueryByExampleAutoConfiguration:
      Did not match:
         - @ConditionalOnClass did not find required class 'graphql.GraphQL' (OnClassCondition)

   GraphQlReactiveQuerydslAutoConfiguration:
      Did not match:
         - @ConditionalOnClass did not find required class 'com.querydsl.core.Query' (OnClassCondition)

   GraphQlWebFluxAutoConfiguration:
      Did not match:
         - @ConditionalOnClass did not find required class 'graphql.GraphQL' (OnClassCondition)

   GraphQlWebFluxSecurityAutoConfiguration:
      Did not match:
         - @ConditionalOnClass did not find required class 'graphql.GraphQL' (OnClassCondition)

   GraphQlWebMvcAutoConfiguration:
      Did not match:
         - @ConditionalOnClass did not find required class 'graphql.GraphQL' (OnClassCondition)

   GraphQlWebMvcSecurityAutoConfiguration:
      Did not match:
         - @ConditionalOnClass did not find required class 'graphql.GraphQL' (OnClassCondition)

   GroovyTemplateAutoConfiguration:
      Did not match:
         - @ConditionalOnClass did not find required class 'groovy.text.markup.MarkupTemplateEngine' (OnClassCondition)

   GsonAutoConfiguration:
      Did not match:
         - @ConditionalOnClass did not find required class 'com.google.gson.Gson' (OnClassCondition)

   GsonHttpMessageConvertersConfiguration:
      Did not match:
         - @ConditionalOnClass did not find required class 'com.google.gson.Gson' (OnClassCondition)

   H2ConsoleAutoConfiguration:
      Did not match:
         - @ConditionalOnBooleanProperty (spring.h2.console.enabled=true) did not find property 'spring.h2.console.enabled' (OnPropertyCondition)
      Matched:
         - @ConditionalOnClass found required class 'org.h2.server.web.JakartaWebServlet' (OnClassCondition)
         - found 'session' scope (OnWebApplicationCondition)

   HazelcastAutoConfiguration:
      Did not match:
         - @ConditionalOnClass did not find required class 'com.hazelcast.core.HazelcastInstance' (OnClassCondition)

   HazelcastCacheConfiguration:
      Did not match:
         - @ConditionalOnClass did not find required class 'com.hazelcast.core.HazelcastInstance' (OnClassCondition)

   HazelcastJpaDependencyAutoConfiguration:
      Did not match:
         - @ConditionalOnClass did not find required class 'com.hazelcast.core.HazelcastInstance' (OnClassCondition)

   HttpHandlerAutoConfiguration:
      Did not match:
         - @ConditionalOnClass did not find required class 'org.springframework.web.reactive.DispatcherHandler' (OnClassCondition)

   HypermediaAutoConfiguration:
      Did not match:
         - @ConditionalOnClass did not find required class 'org.springframework.hateoas.EntityModel' (OnClassCondition)

   InfinispanCacheConfiguration:
      Did not match:
         - @ConditionalOnClass did not find required class 'org.infinispan.spring.embedded.provider.SpringEmbeddedCacheManager' (OnClassCondition)

   IntegrationAutoConfiguration:
      Did not match:
         - @ConditionalOnClass did not find required class 'org.springframework.integration.config.EnableIntegration' (OnClassCondition)

   JCacheCacheConfiguration:
      Did not match:
         - @ConditionalOnClass did not find required class 'javax.cache.Caching' (OnClassCondition)

   JacksonHttpMessageConvertersConfiguration.MappingJackson2XmlHttpMessageConverterConfiguration:
      Did not match:
         - @ConditionalOnClass did not find required class 'com.fasterxml.jackson.dataformat.xml.XmlMapper' (OnClassCondition)

   JdbcRepositoriesAutoConfiguration:
      Did not match:
         - @ConditionalOnClass did not find required class 'org.springframework.data.jdbc.repository.config.AbstractJdbcConfiguration' (OnClassCondition)

   JerseyAutoConfiguration:
      Did not match:
         - @ConditionalOnClass did not find required class 'org.glassfish.jersey.server.spring.SpringComponentProvider' (OnClassCondition)

   JmsAutoConfiguration:
      Did not match:
         - @ConditionalOnClass did not find required class 'jakarta.jms.Message' (OnClassCondition)

   JmxAutoConfiguration:
      Did not match:
         - @ConditionalOnBooleanProperty (spring.jmx.enabled=true) did not find property 'spring.jmx.enabled' (OnPropertyCondition)
      Matched:
         - @ConditionalOnClass found required class 'org.springframework.jmx.export.MBeanExporter' (OnClassCondition)

   JndiConnectionFactoryAutoConfiguration:
      Did not match:
         - @ConditionalOnClass did not find required class 'org.springframework.jms.core.JmsTemplate' (OnClassCondition)

   JndiDataSourceAutoConfiguration:
      Did not match:
         - @ConditionalOnProperty (spring.datasource.jndi-name) did not find property 'spring.datasource.jndi-name' (OnPropertyCondition)
      Matched:
         - @ConditionalOnClass found required classes 'javax.sql.DataSource', 'org.springframework.jdbc.datasource.embedded.EmbeddedDatabaseType' (OnClassCondition)

   JndiJtaConfiguration:
      Did not match:
         - @ConditionalOnJndi JNDI environment is not available (OnJndiCondition)
      Matched:
         - @ConditionalOnClass found required class 'org.springframework.transaction.jta.JtaTransactionManager' (OnClassCondition)

   JooqAutoConfiguration:
      Did not match:
         - @ConditionalOnClass did not find required class 'org.jooq.DSLContext' (OnClassCondition)

   JpaBaseConfiguration.JpaWebConfiguration:
      Did not match:
         - @ConditionalOnBooleanProperty (spring.jpa.open-in-view=true) found different value in property 'spring.jpa.open-in-view' (OnPropertyCondition)
      Matched:
         - @ConditionalOnClass found required class 'org.springframework.web.servlet.config.annotation.WebMvcConfigurer' (OnClassCondition)
         - found 'session' scope (OnWebApplicationCondition)

   JpaRepositoriesAutoConfiguration#entityManagerFactoryBootstrapExecutorCustomizer:
      Did not match:
         - AnyNestedCondition 0 matched 2 did not; NestedCondition on JpaRepositoriesAutoConfiguration.BootstrapExecutorCondition.LazyBootstrapMode @ConditionalOnProperty (spring.data.jpa.repositories.bootstrap-mode=lazy) did not find property 'spring.data.jpa.repositories.bootstrap-mode'; NestedCondition on JpaRepositoriesAutoConfiguration.BootstrapExecutorCondition.DeferredBootstrapMode @ConditionalOnProperty (spring.data.jpa.repositories.bootstrap-mode=deferred) did not find property 'spring.data.jpa.repositories.bootstrap-mode' (JpaRepositoriesAutoConfiguration.BootstrapExecutorCondition)

   JsonbAutoConfiguration:
      Did not match:
         - @ConditionalOnClass did not find required class 'jakarta.json.bind.Jsonb' (OnClassCondition)

   JsonbHttpMessageConvertersConfiguration:
      Did not match:
         - @ConditionalOnClass did not find required class 'jakarta.json.bind.Jsonb' (OnClassCondition)

   KafkaAutoConfiguration:
      Did not match:
         - @ConditionalOnClass did not find required class 'org.springframework.kafka.core.KafkaTemplate' (OnClassCondition)

   LdapAutoConfiguration:
      Did not match:
         - @ConditionalOnClass did not find required class 'org.springframework.ldap.core.ContextSource' (OnClassCondition)

   LdapRepositoriesAutoConfiguration:
      Did not match:
         - @ConditionalOnClass did not find required class 'org.springframework.data.ldap.repository.LdapRepository' (OnClassCondition)

   LiquibaseAutoConfiguration:
      Did not match:
         - @ConditionalOnClass did not find required class 'liquibase.change.DatabaseChange' (OnClassCondition)

   MailSenderAutoConfiguration:
      Did not match:
         - @ConditionalOnClass did not find required class 'jakarta.mail.internet.MimeMessage' (OnClassCondition)

   MailSenderValidatorAutoConfiguration:
      Did not match:
         - @ConditionalOnSingleCandidate did not find required type 'org.springframework.mail.javamail.JavaMailSenderImpl' (OnBeanCondition)

   MessageSourceAutoConfiguration:
      Did not match:
         - ResourceBundle did not find bundle with basename messages (MessageSourceAutoConfiguration.ResourceBundleCondition)

   MongoAutoConfiguration:
      Did not match:
         - @ConditionalOnClass did not find required class 'com.mongodb.client.MongoClient' (OnClassCondition)

   MongoDataAutoConfiguration:
      Did not match:
         - @ConditionalOnClass did not find required class 'com.mongodb.client.MongoClient' (OnClassCondition)

   MongoReactiveAutoConfiguration:
      Did not match:
         - @ConditionalOnClass did not find required class 'com.mongodb.reactivestreams.client.MongoClient' (OnClassCondition)

   MongoReactiveDataAutoConfiguration:
      Did not match:
         - @ConditionalOnClass did not find required class 'com.mongodb.reactivestreams.client.MongoClient' (OnClassCondition)

   MongoReactiveRepositoriesAutoConfiguration:
      Did not match:
         - @ConditionalOnClass did not find required class 'com.mongodb.reactivestreams.client.MongoClient' (OnClassCondition)

   MongoRepositoriesAutoConfiguration:
      Did not match:
         - @ConditionalOnClass did not find required class 'com.mongodb.client.MongoClient' (OnClassCondition)

   MustacheAutoConfiguration:
      Did not match:
         - @ConditionalOnClass did not find required class 'com.samskivert.mustache.Mustache' (OnClassCondition)

   Neo4jAutoConfiguration:
      Did not match:
         - @ConditionalOnClass did not find required class 'org.neo4j.driver.Driver' (OnClassCondition)

   Neo4jDataAutoConfiguration:
      Did not match:
         - @ConditionalOnClass did not find required class 'org.neo4j.driver.Driver' (OnClassCondition)

   Neo4jReactiveDataAutoConfiguration:
      Did not match:
         - @ConditionalOnClass did not find required class 'org.neo4j.driver.Driver' (OnClassCondition)

   Neo4jReactiveRepositoriesAutoConfiguration:
      Did not match:
         - @ConditionalOnClass did not find required class 'org.neo4j.driver.Driver' (OnClassCondition)

   Neo4jRepositoriesAutoConfiguration:
      Did not match:
         - @ConditionalOnClass did not find required class 'org.neo4j.driver.Driver' (OnClassCondition)

   NettyAutoConfiguration:
      Did not match:
         - @ConditionalOnClass did not find required class 'io.netty.util.NettyRuntime' (OnClassCondition)

   OAuth2AuthorizationServerAutoConfiguration:
      Did not match:
         - @ConditionalOnClass did not find required class 'org.springframework.security.oauth2.server.authorization.OAuth2Authorization' (OnClassCondition)

   OAuth2AuthorizationServerJwtAutoConfiguration:
      Did not match:
         - @ConditionalOnClass did not find required class 'com.nimbusds.jose.jwk.source.JWKSource' (OnClassCondition)

   OAuth2ClientAutoConfiguration:
      Did not match:
         - @ConditionalOnClass did not find required class 'org.springframework.security.oauth2.client.registration.ClientRegistration' (OnClassCondition)

   OAuth2ClientWebSecurityAutoConfiguration:
      Did not match:
         - @ConditionalOnClass did not find required class 'org.springframework.security.config.annotation.web.configuration.EnableWebSecurity' (OnClassCondition)

   OAuth2ResourceServerAutoConfiguration:
      Did not match:
         - @ConditionalOnClass did not find required class 'org.springframework.security.oauth2.server.resource.authentication.BearerTokenAuthenticationToken' (OnClassCondition)

   ProjectInfoAutoConfiguration#buildProperties:
      Did not match:
         - @ConditionalOnResource did not find resource '${spring.info.build.location:classpath:META-INF/build-info.properties}' (OnResourceCondition)

   ProjectInfoAutoConfiguration#gitProperties:
      Did not match:
         - GitResource did not find git info at classpath:git.properties (ProjectInfoAutoConfiguration.GitResourceAvailableCondition)

   PulsarAutoConfiguration:
      Did not match:
         - @ConditionalOnClass did not find required class 'org.apache.pulsar.client.api.PulsarClient' (OnClassCondition)

   PulsarReactiveAutoConfiguration:
      Did not match:
         - @ConditionalOnClass did not find required class 'org.apache.pulsar.client.api.PulsarClient' (OnClassCondition)

   QuartzAutoConfiguration:
      Did not match:
         - @ConditionalOnClass did not find required class 'org.quartz.Scheduler' (OnClassCondition)

   R2dbcAutoConfiguration:
      Did not match:
         - @ConditionalOnClass did not find required class 'io.r2dbc.spi.ConnectionFactory' (OnClassCondition)

   R2dbcDataAutoConfiguration:
      Did not match:
         - @ConditionalOnClass did not find required class 'org.springframework.data.r2dbc.core.R2dbcEntityTemplate' (OnClassCondition)

   R2dbcInitializationConfiguration:
      Did not match:
         - @ConditionalOnClass did not find required classes 'io.r2dbc.spi.ConnectionFactory', 'org.springframework.r2dbc.connection.init.DatabasePopulator' (OnClassCondition)

   R2dbcProxyAutoConfiguration:
      Did not match:
         - @ConditionalOnClass did not find required class 'io.r2dbc.proxy.ProxyConnectionFactory' (OnClassCondition)

   R2dbcRepositoriesAutoConfiguration:
      Did not match:
         - @ConditionalOnClass did not find required class 'io.r2dbc.spi.ConnectionFactory' (OnClassCondition)

   R2dbcTransactionManagerAutoConfiguration:
      Did not match:
         - @ConditionalOnClass did not find required class 'org.springframework.r2dbc.connection.R2dbcTransactionManager' (OnClassCondition)

   RSocketGraphQlClientAutoConfiguration:
      Did not match:
         - @ConditionalOnClass did not find required class 'graphql.GraphQL' (OnClassCondition)

   RSocketMessagingAutoConfiguration:
      Did not match:
         - @ConditionalOnClass did not find required class 'io.rsocket.RSocket' (OnClassCondition)

   RSocketRequesterAutoConfiguration:
      Did not match:
         - @ConditionalOnClass did not find required class 'io.rsocket.RSocket' (OnClassCondition)

   RSocketSecurityAutoConfiguration:
      Did not match:
         - @ConditionalOnClass did not find required class 'org.springframework.security.rsocket.core.SecuritySocketAcceptorInterceptor' (OnClassCondition)

   RSocketServerAutoConfiguration:
      Did not match:
         - @ConditionalOnClass did not find required class 'io.rsocket.core.RSocketServer' (OnClassCondition)

   RSocketStrategiesAutoConfiguration:
      Did not match:
         - @ConditionalOnClass did not find required class 'io.netty.buffer.PooledByteBufAllocator' (OnClassCondition)

   RabbitAutoConfiguration:
      Did not match:
         - @ConditionalOnClass did not find required class 'com.rabbitmq.client.Channel' (OnClassCondition)

   ReactiveElasticsearchClientAutoConfiguration:
      Did not match:
         - @ConditionalOnClass did not find required class 'co.elastic.clients.transport.ElasticsearchTransport' (OnClassCondition)

   ReactiveElasticsearchRepositoriesAutoConfiguration:
      Did not match:
         - @ConditionalOnClass did not find required class 'reactor.core.publisher.Mono' (OnClassCondition)

   ReactiveMultipartAutoConfiguration:
      Did not match:
         - @ConditionalOnClass did not find required class 'org.springframework.web.reactive.config.WebFluxConfigurer' (OnClassCondition)

   ReactiveOAuth2ClientAutoConfiguration:
      Did not match:
         - @ConditionalOnClass did not find required class 'reactor.core.publisher.Flux' (OnClassCondition)

   ReactiveOAuth2ClientWebSecurityAutoConfiguration:
      Did not match:
         - @ConditionalOnClass did not find required class 'reactor.core.publisher.Flux' (OnClassCondition)

   ReactiveOAuth2ResourceServerAutoConfiguration:
      Did not match:
         - @ConditionalOnClass did not find required class 'org.springframework.security.config.annotation.web.reactive.EnableWebFluxSecurity' (OnClassCondition)

   ReactiveSecurityAutoConfiguration:
      Did not match:
         - @ConditionalOnClass did not find required class 'reactor.core.publisher.Flux' (OnClassCondition)

   ReactiveUserDetailsServiceAutoConfiguration:
      Did not match:
         - @ConditionalOnClass did not find required class 'org.springframework.security.authentication.ReactiveAuthenticationManager' (OnClassCondition)

   ReactiveWebServerFactoryAutoConfiguration:
      Did not match:
         - @ConditionalOnWebApplication did not find reactive web application classes (OnWebApplicationCondition)

   ReactorAutoConfiguration:
      Did not match:
         - @ConditionalOnClass did not find required class 'reactor.core.publisher.Hooks' (OnClassCondition)

   RedisAutoConfiguration:
      Did not match:
         - @ConditionalOnClass did not find required class 'org.springframework.data.redis.core.RedisOperations' (OnClassCondition)

   RedisCacheConfiguration:
      Did not match:
         - @ConditionalOnClass did not find required class 'org.springframework.data.redis.connection.RedisConnectionFactory' (OnClassCondition)

   RedisReactiveAutoConfiguration:
      Did not match:
         - @ConditionalOnClass did not find required class 'reactor.core.publisher.Flux' (OnClassCondition)

   RedisRepositoriesAutoConfiguration:
      Did not match:
         - @ConditionalOnClass did not find required class 'org.springframework.data.redis.repository.configuration.EnableRedisRepositories' (OnClassCondition)

   RepositoryRestMvcAutoConfiguration:
      Did not match:
         - @ConditionalOnClass did not find required class 'org.springframework.data.rest.webmvc.config.RepositoryRestMvcConfiguration' (OnClassCondition)

   Saml2RelyingPartyAutoConfiguration:
      Did not match:
         - @ConditionalOnClass did not find required class 'org.springframework.security.saml2.provider.service.registration.RelyingPartyRegistrationRepository' (OnClassCondition)

   SecurityAutoConfiguration:
      Did not match:
         - @ConditionalOnClass did not find required class 'org.springframework.security.authentication.DefaultAuthenticationEventPublisher' (OnClassCondition)

   SecurityFilterAutoConfiguration:
      Did not match:
         - @ConditionalOnClass did not find required class 'org.springframework.security.config.http.SessionCreationPolicy' (OnClassCondition)

   SendGridAutoConfiguration:
      Did not match:
         - @ConditionalOnClass did not find required class 'com.sendgrid.SendGrid' (OnClassCondition)

   ServletWebServerFactoryAutoConfiguration.ForwardedHeaderFilterConfiguration:
      Did not match:
         - @ConditionalOnProperty (server.forward-headers-strategy=framework) did not find property 'server.forward-headers-strategy' (OnPropertyCondition)

   ServletWebServerFactoryConfiguration.EmbeddedJetty:
      Did not match:
         - @ConditionalOnClass did not find required classes 'org.eclipse.jetty.server.Server', 'org.eclipse.jetty.util.Loader', 'org.eclipse.jetty.ee10.webapp.WebAppContext' (OnClassCondition)

   ServletWebServerFactoryConfiguration.EmbeddedUndertow:
      Did not match:
         - @ConditionalOnClass did not find required classes 'io.undertow.Undertow', 'org.xnio.SslClientAuthMode' (OnClassCondition)

   SessionAutoConfiguration:
      Did not match:
         - @ConditionalOnClass did not find required class 'org.springframework.session.Session' (OnClassCondition)

   SpringApplicationAdminJmxAutoConfiguration:
      Did not match:
         - @ConditionalOnBooleanProperty (spring.application.admin.enabled=true) did not find property 'spring.application.admin.enabled' (OnPropertyCondition)

   TaskExecutorConfigurations.SimpleAsyncTaskExecutorBuilderConfiguration#simpleAsyncTaskExecutorBuilderVirtualThreads:
      Did not match:
         - @ConditionalOnMissingBean (types: org.springframework.boot.task.SimpleAsyncTaskExecutorBuilder; SearchStrategy: all) found beans of type 'org.springframework.boot.task.SimpleAsyncTaskExecutorBuilder' simpleAsyncTaskExecutorBuilder (OnBeanCondition)

   TaskExecutorConfigurations.TaskExecutorConfiguration#applicationTaskExecutorVirtualThreads:
      Did not match:
         - @ConditionalOnThreading did not find VIRTUAL (OnThreadingCondition)

   TaskSchedulingAutoConfiguration#scheduledBeanLazyInitializationExcludeFilter:
      Did not match:
         - @ConditionalOnBean (names: org.springframework.context.annotation.internalScheduledAnnotationProcessor; SearchStrategy: all) did not find any beans named org.springframework.context.annotation.internalScheduledAnnotationProcessor (OnBeanCondition)

   TaskSchedulingConfigurations.SimpleAsyncTaskSchedulerBuilderConfiguration#simpleAsyncTaskSchedulerBuilderVirtualThreads:
      Did not match:
         - @ConditionalOnMissingBean (types: org.springframework.boot.task.SimpleAsyncTaskSchedulerBuilder; SearchStrategy: all) found beans of type 'org.springframework.boot.task.SimpleAsyncTaskSchedulerBuilder' simpleAsyncTaskSchedulerBuilder (OnBeanCondition)

   TaskSchedulingConfigurations.TaskSchedulerConfiguration:
      Did not match:
         - @ConditionalOnBean (names: org.springframework.context.annotation.internalScheduledAnnotationProcessor; SearchStrategy: all) did not find any beans named org.springframework.context.annotation.internalScheduledAnnotationProcessor (OnBeanCondition)

   TemplateEngineConfigurations.ReactiveTemplateEngineConfiguration:
      Did not match:
         - did not find reactive web application classes (OnWebApplicationCondition)

   ThymeleafAutoConfiguration.DataAttributeDialectConfiguration:
      Did not match:
         - @ConditionalOnClass did not find required class 'com.github.mxab.thymeleaf.extras.dataattribute.dialect.DataAttributeDialect' (OnClassCondition)

   ThymeleafAutoConfiguration.ThymeleafSecurityDialectConfiguration:
      Did not match:
         - @ConditionalOnClass did not find required classes 'org.thymeleaf.extras.springsecurity6.dialect.SpringSecurityDialect', 'org.springframework.security.web.server.csrf.CsrfToken' (OnClassCondition)

   ThymeleafAutoConfiguration.ThymeleafWebFluxConfiguration:
      Did not match:
         - did not find reactive web application classes (OnWebApplicationCondition)

   ThymeleafAutoConfiguration.ThymeleafWebLayoutConfiguration:
      Did not match:
         - @ConditionalOnClass did not find required class 'nz.net.ultraq.thymeleaf.layoutdialect.LayoutDialect' (OnClassCondition)

   ThymeleafAutoConfiguration.ThymeleafWebMvcConfiguration#resourceUrlEncodingFilter:
      Did not match:
         - @ConditionalOnEnabledResourceChain did not find class org.webjars.WebJarVersionLocator (OnEnabledResourceChainCondition)

   TransactionAutoConfiguration#transactionalOperator:
      Did not match:
         - @ConditionalOnSingleCandidate (types: org.springframework.transaction.ReactiveTransactionManager; SearchStrategy: all) did not find any beans (OnBeanCondition)

   TransactionAutoConfiguration.AspectJTransactionManagementConfiguration:
      Did not match:
         - @ConditionalOnBean (types: org.springframework.transaction.aspectj.AbstractTransactionAspect; SearchStrategy: all) did not find any beans of type org.springframework.transaction.aspectj.AbstractTransactionAspect (OnBeanCondition)

   TransactionAutoConfiguration.EnableTransactionManagementConfiguration.JdkDynamicAutoProxyConfiguration:
      Did not match:
         - @ConditionalOnBooleanProperty (spring.aop.proxy-target-class=false) did not find property 'spring.aop.proxy-target-class' (OnPropertyCondition)

   UserDetailsServiceAutoConfiguration:
      Did not match:
         - @ConditionalOnClass did not find required class 'org.springframework.security.authentication.AuthenticationManager' (OnClassCondition)

   ValidationAutoConfiguration:
      Did not match:
         - @ConditionalOnClass did not find required class 'jakarta.validation.executable.ExecutableValidator' (OnClassCondition)

   WebClientAutoConfiguration:
      Did not match:
         - @ConditionalOnClass did not find required class 'org.springframework.web.reactive.function.client.WebClient' (OnClassCondition)

   WebFluxAutoConfiguration:
      Did not match:
         - @ConditionalOnClass did not find required class 'org.springframework.web.reactive.config.WebFluxConfigurer' (OnClassCondition)

   WebMvcAutoConfiguration#hiddenHttpMethodFilter:
      Did not match:
         - @ConditionalOnBooleanProperty (spring.mvc.hiddenmethod.filter.enabled=true) did not find property 'spring.mvc.hiddenmethod.filter.enabled' (OnPropertyCondition)

   WebMvcAutoConfiguration.ProblemDetailsErrorHandlingConfiguration:
      Did not match:
         - @ConditionalOnBooleanProperty (spring.mvc.problemdetails.enabled=true) did not find property 'spring.mvc.problemdetails.enabled' (OnPropertyCondition)

   WebMvcAutoConfiguration.ResourceChainCustomizerConfiguration:
      Did not match:
         - @ConditionalOnEnabledResourceChain did not find class org.webjars.WebJarVersionLocator (OnEnabledResourceChainCondition)

   WebMvcAutoConfiguration.WebMvcAutoConfigurationAdapter#beanNameViewResolver:
      Did not match:
         - @ConditionalOnMissingBean (types: org.springframework.web.servlet.view.BeanNameViewResolver; SearchStrategy: all) found beans of type 'org.springframework.web.servlet.view.BeanNameViewResolver' beanNameViewResolver (OnBeanCondition)

   WebServiceTemplateAutoConfiguration:
      Did not match:
         - @ConditionalOnClass did not find required class 'org.springframework.oxm.Marshaller' (OnClassCondition)

   WebServicesAutoConfiguration:
      Did not match:
         - @ConditionalOnClass did not find required class 'org.springframework.ws.transport.http.MessageDispatcherServlet' (OnClassCondition)

   WebSessionIdResolverAutoConfiguration:
      Did not match:
         - @ConditionalOnClass did not find required class 'reactor.core.publisher.Mono' (OnClassCondition)

   WebSocketMessagingAutoConfiguration:
      Did not match:
         - @ConditionalOnClass did not find required class 'org.springframework.web.socket.config.annotation.DelegatingWebSocketMessageBrokerConfiguration' (OnClassCondition)

   WebSocketReactiveAutoConfiguration:
      Did not match:
         - @ConditionalOnWebApplication did not find reactive web application classes (OnWebApplicationCondition)

   WebSocketServletAutoConfiguration.JettyWebSocketConfiguration:
      Did not match:
         - @ConditionalOnClass did not find required class 'org.eclipse.jetty.ee10.websocket.jakarta.server.config.JakartaWebSocketServletContainerInitializer' (OnClassCondition)

   WebSocketServletAutoConfiguration.UndertowWebSocketConfiguration:
      Did not match:
         - @ConditionalOnClass did not find required class 'io.undertow.websockets.jsr.Bootstrap' (OnClassCondition)

   XADataSourceAutoConfiguration:
      Did not match:
         - @ConditionalOnBean (types: org.springframework.boot.jdbc.XADataSourceWrapper; SearchStrategy: all) did not find any beans of type org.springframework.boot.jdbc.XADataSourceWrapper (OnBeanCondition)
      Matched:
         - @ConditionalOnClass found required classes 'javax.sql.DataSource', 'jakarta.transaction.TransactionManager', 'org.springframework.jdbc.datasource.embedded.EmbeddedDatabaseType' (OnClassCondition)


Exclusions:
-----------

    None


Unconditional classes:
----------------------

    org.springframework.boot.autoconfigure.context.ConfigurationPropertiesAutoConfiguration

    org.springframework.boot.autoconfigure.ssl.SslAutoConfiguration

    org.springframework.boot.autoconfigure.context.LifecycleAutoConfiguration

    org.springframework.boot.autoconfigure.context.PropertyPlaceholderAutoConfiguration

    org.springframework.boot.autoconfigure.availability.ApplicationAvailabilityAutoConfiguration

    org.springframework.boot.autoconfigure.info.ProjectInfoAutoConfiguration



2026-09-25T01:28:20.855+05:30  INFO 19636 --- [online-quiz] [           main] com.example.quiz.QuizApplication         : Started QuizApplication in 14.276 seconds (process running for 14.917)
2026-09-25T01:28:20.857+05:30 DEBUG 19636 --- [online-quiz] [           main] o.s.b.a.ApplicationAvailabilityBean      : Application availability state LivenessState changed to CORRECT
2026-09-25T01:28:21.142+05:30 DEBUG 19636 --- [online-quiz] [           main] org.hibernate.SQL                        : select count(*) from quiz q1_0
2026-09-25T01:28:21.198+05:30 DEBUG 19636 --- [online-quiz] [           main] org.hibernate.SQL                        : insert into quiz (description,title,id) values (?,?,default)
2026-09-25T01:28:21.219+05:30 DEBUG 19636 --- [online-quiz] [           main] org.hibernate.SQL                        : insert into question (answer,optiona,optionb,optionc,optiond,prompt,quiz_id,id) values (?,?,?,?,?,?,?,default)
2026-09-25T01:28:21.221+05:30 DEBUG 19636 --- [online-quiz] [           main] org.hibernate.SQL                        : insert into question (answer,optiona,optionb,optionc,optiond,prompt,quiz_id,id) values (?,?,?,?,?,?,?,default)
2026-09-25T01:28:21.223+05:30 DEBUG 19636 --- [online-quiz] [           main] org.hibernate.SQL                        : insert into question (answer,optiona,optionb,optionc,optiond,prompt,quiz_id,id) values (?,?,?,?,?,?,?,default)
2026-09-25T01:28:21.237+05:30 DEBUG 19636 --- [online-quiz] [           main] org.hibernate.SQL                        : insert into quiz (description,title,id) values (?,?,default)
2026-09-25T01:28:21.238+05:30 DEBUG 19636 --- [online-quiz] [           main] org.hibernate.SQL                        : insert into question (answer,optiona,optionb,optionc,optiond,prompt,quiz_id,id) values (?,?,?,?,?,?,?,default)
2026-09-25T01:28:21.240+05:30 DEBUG 19636 --- [online-quiz] [           main] org.hibernate.SQL                        : insert into question (answer,optiona,optionb,optionc,optiond,prompt,quiz_id,id) values (?,?,?,?,?,?,?,default)
2026-09-25T01:28:21.241+05:30 DEBUG 19636 --- [online-quiz] [           main] org.hibernate.SQL                        : insert into question (answer,optiona,optionb,optionc,optiond,prompt,quiz_id,id) values (?,?,?,?,?,?,?,default)
2026-09-25T01:28:21.243+05:30 DEBUG 19636 --- [online-quiz] [           main] org.hibernate.SQL                        : insert into quiz (description,title,id) values (?,?,default)
2026-09-25T01:28:21.244+05:30 DEBUG 19636 --- [online-quiz] [           main] org.hibernate.SQL                        : insert into question (answer,optiona,optionb,optionc,optiond,prompt,quiz_id,id) values (?,?,?,?,?,?,?,default)
2026-09-25T01:28:21.245+05:30 DEBUG 19636 --- [online-quiz] [           main] org.hibernate.SQL                        : insert into question (answer,optiona,optionb,optionc,optiond,prompt,quiz_id,id) values (?,?,?,?,?,?,?,default)
2026-09-25T01:28:21.247+05:30 DEBUG 19636 --- [online-quiz] [           main] org.hibernate.SQL                        : insert into question (answer,optiona,optionb,optionc,optiond,prompt,quiz_id,id) values (?,?,?,?,?,?,?,default)
2026-09-25T01:28:21.251+05:30 DEBUG 19636 --- [online-quiz] [           main] o.s.b.a.ApplicationAvailabilityBean      : Application availability state ReadinessState changed to ACCEPTING_TRAFFIC
2026-09-25T01:28:22.187+05:30  INFO 19636 --- [online-quiz] [nio-8081-exec-1] o.a.c.c.C.[Tomcat].[localhost].[/]       : Initializing Spring DispatcherServlet 'dispatcherServlet'
2026-09-25T01:28:22.189+05:30  INFO 19636 --- [online-quiz] [nio-8081-exec-1] o.s.web.servlet.DispatcherServlet        : Initializing Servlet 'dispatcherServlet'
2026-09-25T01:28:22.190+05:30 DEBUG 19636 --- [online-quiz] [nio-8081-exec-1] o.s.web.servlet.DispatcherServlet        : Detected StandardServletMultipartResolver
2026-09-25T01:28:22.191+05:30 DEBUG 19636 --- [online-quiz] [nio-8081-exec-1] o.s.web.servlet.DispatcherServlet        : Detected AcceptHeaderLocaleResolver
2026-09-25T01:28:22.191+05:30 DEBUG 19636 --- [online-quiz] [nio-8081-exec-1] o.s.web.servlet.DispatcherServlet        : Detected FixedThemeResolver
2026-09-25T01:28:22.193+05:30 DEBUG 19636 --- [online-quiz] [nio-8081-exec-1] o.s.web.servlet.DispatcherServlet        : Detected org.springframework.web.servlet.view.DefaultRequestToViewNameTranslator@22a8c837
2026-09-25T01:28:22.194+05:30 DEBUG 19636 --- [online-quiz] [nio-8081-exec-1] o.s.web.servlet.DispatcherServlet        : Detected org.springframework.web.servlet.support.SessionFlashMapManager@5fe4848
2026-09-25T01:28:22.195+05:30 DEBUG 19636 --- [online-quiz] [nio-8081-exec-1] o.s.web.servlet.DispatcherServlet        : enableLoggingRequestDetails='false': request parameters and headers will be masked to prevent unsafe logging of potentially sensitive data
2026-09-25T01:28:22.196+05:30  INFO 19636 --- [online-quiz] [nio-8081-exec-1] o.s.web.servlet.DispatcherServlet        : Completed initialization in 6 ms
2026-09-25T01:28:22.206+05:30 DEBUG 19636 --- [online-quiz] [nio-8081-exec-1] o.s.web.servlet.DispatcherServlet        : GET "/login", parameters={}
2026-09-25T01:28:22.225+05:30 DEBUG 19636 --- [online-quiz] [nio-8081-exec-1] s.w.s.m.m.a.RequestMappingHandlerMapping : Mapped to com.example.quiz.QuizController#login(HttpSession)
2026-09-25T01:28:22.258+05:30 DEBUG 19636 --- [online-quiz] [nio-8081-exec-1] o.s.w.s.v.ContentNegotiatingViewResolver : Selected '*/*' given [*/*]
2026-09-25T01:28:22.579+05:30 DEBUG 19636 --- [online-quiz] [nio-8081-exec-1] o.s.web.servlet.DispatcherServlet        : Completed 200 OK
2026-09-25T01:28:37.680+05:30 DEBUG 19636 --- [online-quiz] [nio-8081-exec-3] o.s.web.servlet.DispatcherServlet        : GET "/", parameters={}
2026-09-25T01:28:37.683+05:30 DEBUG 19636 --- [online-quiz] [nio-8081-exec-3] s.w.s.m.m.a.RequestMappingHandlerMapping : Mapped to com.example.quiz.QuizController#home(HttpSession)
2026-09-25T01:28:37.691+05:30 DEBUG 19636 --- [online-quiz] [nio-8081-exec-3] o.s.web.servlet.view.RedirectView        : View name [redirect:], model {}
2026-09-25T01:28:37.693+05:30 DEBUG 19636 --- [online-quiz] [nio-8081-exec-3] o.s.web.servlet.DispatcherServlet        : Completed 302 FOUND
2026-09-25T01:28:37.700+05:30 DEBUG 19636 --- [online-quiz] [nio-8081-exec-4] o.s.web.servlet.DispatcherServlet        : GET "/login", parameters={}
2026-09-25T01:28:37.701+05:30 DEBUG 19636 --- [online-quiz] [nio-8081-exec-4] s.w.s.m.m.a.RequestMappingHandlerMapping : Mapped to com.example.quiz.QuizController#login(HttpSession)
2026-09-25T01:28:37.704+05:30 DEBUG 19636 --- [online-quiz] [nio-8081-exec-4] o.s.w.s.v.ContentNegotiatingViewResolver : Selected 'text/html' given [text/html, application/xhtml+xml, image/avif, image/webp, image/apng, application/xml;q=0.9, */*;q=0.8, application/signed-exchange;v=b3;q=0.7]
2026-09-25T01:28:37.713+05:30 DEBUG 19636 --- [online-quiz] [nio-8081-exec-4] o.s.web.servlet.DispatcherServlet        : Completed 200 OK
2026-09-25T01:28:37.779+05:30 DEBUG 19636 --- [online-quiz] [nio-8081-exec-5] o.s.web.servlet.DispatcherServlet        : GET "/style.css", parameters={}
2026-09-25T01:28:37.789+05:30 DEBUG 19636 --- [online-quiz] [nio-8081-exec-5] o.s.w.s.handler.SimpleUrlHandlerMapping  : Mapped to ResourceHttpRequestHandler [classpath [META-INF/resources/], classpath [resources/], classpath [static/], classpath [public/], ServletContext [/]]
2026-09-25T01:28:37.805+05:30 DEBUG 19636 --- [online-quiz] [nio-8081-exec-5] o.s.web.servlet.DispatcherServlet        : Completed 200 OK
2026-09-25T01:28:37.884+05:30 DEBUG 19636 --- [online-quiz] [nio-8081-exec-6] o.s.web.servlet.DispatcherServlet        : GET "/favicon.ico", parameters={}
2026-09-25T01:28:37.886+05:30 DEBUG 19636 --- [online-quiz] [nio-8081-exec-6] o.s.w.s.handler.SimpleUrlHandlerMapping  : Mapped to ResourceHttpRequestHandler [classpath [META-INF/resources/], classpath [resources/], classpath [static/], classpath [public/], ServletContext [/]]
2026-09-25T01:28:37.889+05:30 DEBUG 19636 --- [online-quiz] [nio-8081-exec-6] o.s.w.s.r.ResourceHttpRequestHandler     : Resource not found for path [favicon.ico]
2026-09-25T01:28:37.894+05:30 DEBUG 19636 --- [online-quiz] [nio-8081-exec-6] .w.s.m.s.DefaultHandlerExceptionResolver : Resolved [org.springframework.web.servlet.resource.NoResourceFoundException: No static resource favicon.ico.]
2026-09-25T01:28:37.895+05:30 DEBUG 19636 --- [online-quiz] [nio-8081-exec-6] o.s.web.servlet.DispatcherServlet        : Completed 404 NOT_FOUND
2026-09-25T01:28:37.905+05:30 DEBUG 19636 --- [online-quiz] [nio-8081-exec-6] o.s.web.servlet.DispatcherServlet        : "ERROR" dispatch for GET "/error", parameters={}
2026-09-25T01:28:37.908+05:30 DEBUG 19636 --- [online-quiz] [nio-8081-exec-6] s.w.s.m.m.a.RequestMappingHandlerMapping : Mapped to org.springframework.boot.autoconfigure.web.servlet.error.BasicErrorController#error(HttpServletRequest)
2026-09-25T01:28:37.936+05:30 DEBUG 19636 --- [online-quiz] [nio-8081-exec-6] o.s.w.s.m.m.a.HttpEntityMethodProcessor  : Using 'application/json', given [*/*] and supported [application/json, application/*+json]
2026-09-25T01:28:37.939+05:30 DEBUG 19636 --- [online-quiz] [nio-8081-exec-6] o.s.w.s.m.m.a.HttpEntityMethodProcessor  : Writing [{timestamp=Fri Sep 25 01:28:37 IST 2026, status=404, error=Not Found, path=/favicon.ico}]
2026-09-25T01:28:37.992+05:30 DEBUG 19636 --- [online-quiz] [nio-8081-exec-6] o.s.web.servlet.DispatcherServlet        : Exiting from "ERROR" dispatch, status 404
2026-09-25T01:29:10.968+05:30 DEBUG 19636 --- [online-quiz] [nio-8081-exec-7] o.s.web.servlet.DispatcherServlet        : GET "/login", parameters={}
2026-09-25T01:29:10.971+05:30 DEBUG 19636 --- [online-quiz] [nio-8081-exec-7] s.w.s.m.m.a.RequestMappingHandlerMapping : Mapped to com.example.quiz.QuizController#login(HttpSession)
2026-09-25T01:29:10.974+05:30 DEBUG 19636 --- [online-quiz] [nio-8081-exec-7] o.s.w.s.v.ContentNegotiatingViewResolver : Selected 'text/html' given [text/html, application/xhtml+xml, image/avif, image/webp, image/apng, application/xml;q=0.9, */*;q=0.8, application/signed-exchange;v=b3;q=0.7]
2026-09-25T01:29:10.984+05:30 DEBUG 19636 --- [online-quiz] [nio-8081-exec-7] o.s.web.servlet.DispatcherServlet        : Completed 200 OK
2026-09-25T01:29:11.009+05:30 DEBUG 19636 --- [online-quiz] [nio-8081-exec-8] o.s.web.servlet.DispatcherServlet        : GET "/style.css", parameters={}
2026-09-25T01:29:11.014+05:30 DEBUG 19636 --- [online-quiz] [nio-8081-exec-8] o.s.w.s.handler.SimpleUrlHandlerMapping  : Mapped to ResourceHttpRequestHandler [classpath [META-INF/resources/], classpath [resources/], classpath [static/], classpath [public/], ServletContext [/]]
2026-09-25T01:29:11.019+05:30 DEBUG 19636 --- [online-quiz] [nio-8081-exec-8] o.s.web.servlet.DispatcherServlet        : Completed 304 NOT_MODIFIED
2026-09-25T01:29:22.992+05:30 DEBUG 19636 --- [online-quiz] [nio-8081-exec-9] o.s.web.servlet.DispatcherServlet        : GET "/login", parameters={}
2026-09-25T01:29:22.998+05:30 DEBUG 19636 --- [online-quiz] [nio-8081-exec-9] s.w.s.m.m.a.RequestMappingHandlerMapping : Mapped to com.example.quiz.QuizController#login(HttpSession)
2026-09-25T01:29:23.004+05:30 DEBUG 19636 --- [online-quiz] [nio-8081-exec-9] o.s.w.s.v.ContentNegotiatingViewResolver : Selected 'text/html' given [text/html, application/xhtml+xml, image/avif, image/webp, image/apng, application/xml;q=0.9, */*;q=0.8, application/signed-exchange;v=b3;q=0.7]
2026-09-25T01:29:23.029+05:30 DEBUG 19636 --- [online-quiz] [nio-8081-exec-9] o.s.web.servlet.DispatcherServlet        : Completed 200 OK
2026-09-25T01:29:23.055+05:30 DEBUG 19636 --- [online-quiz] [io-8081-exec-10] o.s.web.servlet.DispatcherServlet        : GET "/style.css;jsessionid=0EFFC4CC0D5E8AD0FF1C9EEEE82452F6", parameters={}
2026-09-25T01:29:23.062+05:30 DEBUG 19636 --- [online-quiz] [io-8081-exec-10] o.s.w.s.handler.SimpleUrlHandlerMapping  : Mapped to ResourceHttpRequestHandler [classpath [META-INF/resources/], classpath [resources/], classpath [static/], classpath [public/], ServletContext [/]]
2026-09-25T01:29:23.070+05:30 DEBUG 19636 --- [online-quiz] [io-8081-exec-10] o.s.web.servlet.DispatcherServlet        : Completed 200 OK
2026-09-25T01:29:23.309+05:30 DEBUG 19636 --- [online-quiz] [nio-8081-exec-1] o.s.web.servlet.DispatcherServlet        : GET "/favicon.ico", parameters={}
2026-09-25T01:29:23.313+05:30 DEBUG 19636 --- [online-quiz] [nio-8081-exec-1] o.s.w.s.handler.SimpleUrlHandlerMapping  : Mapped to ResourceHttpRequestHandler [classpath [META-INF/resources/], classpath [resources/], classpath [static/], classpath [public/], ServletContext [/]]
2026-09-25T01:29:23.322+05:30 DEBUG 19636 --- [online-quiz] [nio-8081-exec-1] o.s.w.s.r.ResourceHttpRequestHandler     : Resource not found for path [favicon.ico]
2026-09-25T01:29:23.323+05:30 DEBUG 19636 --- [online-quiz] [nio-8081-exec-1] .w.s.m.s.DefaultHandlerExceptionResolver : Resolved [org.springframework.web.servlet.resource.NoResourceFoundException: No static resource favicon.ico.]
2026-09-25T01:29:23.325+05:30 DEBUG 19636 --- [online-quiz] [nio-8081-exec-1] o.s.web.servlet.DispatcherServlet        : Completed 404 NOT_FOUND
2026-09-25T01:29:23.326+05:30 DEBUG 19636 --- [online-quiz] [nio-8081-exec-1] o.s.web.servlet.DispatcherServlet        : "ERROR" dispatch for GET "/error", parameters={}
2026-09-25T01:29:23.328+05:30 DEBUG 19636 --- [online-quiz] [nio-8081-exec-1] s.w.s.m.m.a.RequestMappingHandlerMapping : Mapped to org.springframework.boot.autoconfigure.web.servlet.error.BasicErrorController#error(HttpServletRequest)
2026-09-25T01:29:23.332+05:30 DEBUG 19636 --- [online-quiz] [nio-8081-exec-1] o.s.w.s.m.m.a.HttpEntityMethodProcessor  : Using 'application/json;q=0.8', given [image/avif, image/webp, image/apng, image/svg+xml, image/*, */*;q=0.8] and supported [application/json, application/*+json]
2026-09-25T01:29:23.334+05:30 DEBUG 19636 --- [online-quiz] [nio-8081-exec-1] o.s.w.s.m.m.a.HttpEntityMethodProcessor  : Writing [{timestamp=Fri Sep 25 01:29:23 IST 2026, status=404, error=Not Found, path=/favicon.ico}]
2026-09-25T01:29:23.340+05:30 DEBUG 19636 --- [online-quiz] [nio-8081-exec-1] o.s.web.servlet.DispatcherServlet        : Exiting from "ERROR" dispatch, status 404
2026-09-25T01:29:34.686+05:30 DEBUG 19636 --- [online-quiz] [nio-8081-exec-2] o.s.web.servlet.DispatcherServlet        : POST "/login", parameters={masked}
2026-09-25T01:29:34.689+05:30 DEBUG 19636 --- [online-quiz] [nio-8081-exec-2] s.w.s.m.m.a.RequestMappingHandlerMapping : Mapped to com.example.quiz.QuizController#signIn(String, String, HttpSession, RedirectAttributes)
2026-09-25T01:29:34.901+05:30 DEBUG 19636 --- [online-quiz] [nio-8081-exec-2] org.hibernate.SQL                        : select s1_0.id,s1_0.email,s1_0.name,s1_0.password from student s1_0 where upper(s1_0.email)=upper(?)
2026-09-25T01:29:34.938+05:30 DEBUG 19636 --- [online-quiz] [nio-8081-exec-2] o.s.web.servlet.view.RedirectView        : View name [redirect:], model {}
2026-09-25T01:29:34.962+05:30 DEBUG 19636 --- [online-quiz] [nio-8081-exec-2] o.s.web.servlet.DispatcherServlet        : Completed 302 FOUND
2026-09-25T01:29:34.970+05:30 DEBUG 19636 --- [online-quiz] [nio-8081-exec-3] o.s.web.servlet.DispatcherServlet        : GET "/login", parameters={}
2026-09-25T01:29:34.974+05:30 DEBUG 19636 --- [online-quiz] [nio-8081-exec-3] s.w.s.m.m.a.RequestMappingHandlerMapping : Mapped to com.example.quiz.QuizController#login(HttpSession)
2026-09-25T01:29:34.979+05:30 DEBUG 19636 --- [online-quiz] [nio-8081-exec-3] o.s.w.s.v.ContentNegotiatingViewResolver : Selected 'text/html' given [text/html, application/xhtml+xml, image/avif, image/webp, image/apng, application/xml;q=0.9, */*;q=0.8, application/signed-exchange;v=b3;q=0.7]
2026-09-25T01:29:34.994+05:30 DEBUG 19636 --- [online-quiz] [nio-8081-exec-3] o.s.web.servlet.DispatcherServlet        : Completed 200 OK
2026-09-25T01:29:35.006+05:30 DEBUG 19636 --- [online-quiz] [nio-8081-exec-4] o.s.web.servlet.DispatcherServlet        : GET "/style.css", parameters={}
2026-09-25T01:29:35.010+05:30 DEBUG 19636 --- [online-quiz] [nio-8081-exec-4] o.s.w.s.handler.SimpleUrlHandlerMapping  : Mapped to ResourceHttpRequestHandler [classpath [META-INF/resources/], classpath [resources/], classpath [static/], classpath [public/], ServletContext [/]]
2026-09-25T01:29:35.017+05:30 DEBUG 19636 --- [online-quiz] [nio-8081-exec-4] o.s.web.servlet.DispatcherServlet        : Completed 200 OK
2026-09-25T01:29:37.339+05:30 DEBUG 19636 --- [online-quiz] [nio-8081-exec-5] o.s.web.servlet.DispatcherServlet        : GET "/register", parameters={}
2026-09-25T01:29:37.348+05:30 DEBUG 19636 --- [online-quiz] [nio-8081-exec-5] s.w.s.m.m.a.RequestMappingHandlerMapping : Mapped to com.example.quiz.QuizController#register()
2026-09-25T01:29:37.356+05:30 DEBUG 19636 --- [online-quiz] [nio-8081-exec-5] o.s.w.s.v.ContentNegotiatingViewResolver : Selected 'text/html' given [text/html, application/xhtml+xml, image/avif, image/webp, image/apng, application/xml;q=0.9, */*;q=0.8, application/signed-exchange;v=b3;q=0.7]
2026-09-25T01:29:37.364+05:30 DEBUG 19636 --- [online-quiz] [nio-8081-exec-5] o.s.web.servlet.DispatcherServlet        : Completed 200 OK
2026-09-25T01:30:07.139+05:30 DEBUG 19636 --- [online-quiz] [nio-8081-exec-6] o.s.web.servlet.DispatcherServlet        : POST "/register", parameters={masked}
2026-09-25T01:30:07.140+05:30 DEBUG 19636 --- [online-quiz] [nio-8081-exec-6] s.w.s.m.m.a.RequestMappingHandlerMapping : Mapped to com.example.quiz.QuizController#createAccount(String, String, String, RedirectAttributes)
2026-09-25T01:30:07.163+05:30 DEBUG 19636 --- [online-quiz] [nio-8081-exec-6] org.hibernate.SQL                        : select s1_0.id from student s1_0 where upper(s1_0.email)=upper(?) fetch first ? rows only
2026-09-25T01:30:07.349+05:30 DEBUG 19636 --- [online-quiz] [nio-8081-exec-6] org.hibernate.SQL                        : insert into student (email,name,password,id) values (?,?,?,default)
2026-09-25T01:30:07.365+05:30 DEBUG 19636 --- [online-quiz] [nio-8081-exec-6] o.s.web.servlet.view.RedirectView        : View name [redirect:], model {}
2026-09-25T01:30:07.367+05:30 DEBUG 19636 --- [online-quiz] [nio-8081-exec-6] o.s.web.servlet.DispatcherServlet        : Completed 302 FOUND
2026-09-25T01:30:07.375+05:30 DEBUG 19636 --- [online-quiz] [nio-8081-exec-7] o.s.web.servlet.DispatcherServlet        : GET "/login", parameters={}
2026-09-25T01:30:07.377+05:30 DEBUG 19636 --- [online-quiz] [nio-8081-exec-7] s.w.s.m.m.a.RequestMappingHandlerMapping : Mapped to com.example.quiz.QuizController#login(HttpSession)
2026-09-25T01:30:07.380+05:30 DEBUG 19636 --- [online-quiz] [nio-8081-exec-7] o.s.w.s.v.ContentNegotiatingViewResolver : Selected 'text/html' given [text/html, application/xhtml+xml, image/avif, image/webp, image/apng, application/xml;q=0.9, */*;q=0.8, application/signed-exchange;v=b3;q=0.7]
2026-09-25T01:30:07.388+05:30 DEBUG 19636 --- [online-quiz] [nio-8081-exec-7] o.s.web.servlet.DispatcherServlet        : Completed 200 OK
2026-09-25T01:30:07.403+05:30 DEBUG 19636 --- [online-quiz] [nio-8081-exec-8] o.s.web.servlet.DispatcherServlet        : GET "/style.css", parameters={}
2026-09-25T01:30:07.405+05:30 DEBUG 19636 --- [online-quiz] [nio-8081-exec-8] o.s.w.s.handler.SimpleUrlHandlerMapping  : Mapped to ResourceHttpRequestHandler [classpath [META-INF/resources/], classpath [resources/], classpath [static/], classpath [public/], ServletContext [/]]
2026-09-25T01:30:07.409+05:30 DEBUG 19636 --- [online-quiz] [nio-8081-exec-8] o.s.web.servlet.DispatcherServlet        : Completed 304 NOT_MODIFIED
2026-09-25T01:30:15.116+05:30 DEBUG 19636 --- [online-quiz] [io-8081-exec-10] o.s.web.servlet.DispatcherServlet        : POST "/login", parameters={masked}
2026-09-25T01:30:15.120+05:30 DEBUG 19636 --- [online-quiz] [io-8081-exec-10] s.w.s.m.m.a.RequestMappingHandlerMapping : Mapped to com.example.quiz.QuizController#signIn(String, String, HttpSession, RedirectAttributes)
2026-09-25T01:30:15.125+05:30 DEBUG 19636 --- [online-quiz] [io-8081-exec-10] org.hibernate.SQL                        : select s1_0.id,s1_0.email,s1_0.name,s1_0.password from student s1_0 where upper(s1_0.email)=upper(?)
2026-09-25T01:30:15.283+05:30 DEBUG 19636 --- [online-quiz] [io-8081-exec-10] o.s.web.servlet.view.RedirectView        : View name [redirect:], model {}
2026-09-25T01:30:15.284+05:30 DEBUG 19636 --- [online-quiz] [io-8081-exec-10] o.s.web.servlet.DispatcherServlet        : Completed 302 FOUND
2026-09-25T01:30:15.291+05:30 DEBUG 19636 --- [online-quiz] [nio-8081-exec-1] o.s.web.servlet.DispatcherServlet        : GET "/dashboard", parameters={}
2026-09-25T01:30:15.293+05:30 DEBUG 19636 --- [online-quiz] [nio-8081-exec-1] s.w.s.m.m.a.RequestMappingHandlerMapping : Mapped to com.example.quiz.QuizController#dashboard(HttpSession, Model)
2026-09-25T01:30:15.312+05:30 DEBUG 19636 --- [online-quiz] [nio-8081-exec-1] org.hibernate.SQL                        : select s1_0.id,s1_0.email,s1_0.name,s1_0.password from student s1_0 where s1_0.id=?
2026-09-25T01:30:15.316+05:30 DEBUG 19636 --- [online-quiz] [nio-8081-exec-1] org.hibernate.SQL                        : select s1_0.id,s1_0.email,s1_0.name,s1_0.password from student s1_0 where s1_0.id=?
2026-09-25T01:30:15.325+05:30 DEBUG 19636 --- [online-quiz] [nio-8081-exec-1] org.hibernate.SQL                        : select q1_0.id,q1_0.description,q1_0.title from quiz q1_0
2026-09-25T01:30:15.340+05:30 DEBUG 19636 --- [online-quiz] [nio-8081-exec-1] org.hibernate.SQL                        : select q1_0.quiz_id,q1_0.id,q1_0.answer,q1_0.optiona,q1_0.optionb,q1_0.optionc,q1_0.optiond,q1_0.prompt from question q1_0 where q1_0.quiz_id=? order by q1_0.id
2026-09-25T01:30:15.359+05:30 DEBUG 19636 --- [online-quiz] [nio-8081-exec-1] org.hibernate.SQL                        : select q1_0.quiz_id,q1_0.id,q1_0.answer,q1_0.optiona,q1_0.optionb,q1_0.optionc,q1_0.optiond,q1_0.prompt from question q1_0 where q1_0.quiz_id=? order by q1_0.id
2026-09-25T01:30:15.362+05:30 DEBUG 19636 --- [online-quiz] [nio-8081-exec-1] org.hibernate.SQL                        : select q1_0.quiz_id,q1_0.id,q1_0.answer,q1_0.optiona,q1_0.optionb,q1_0.optionc,q1_0.optiond,q1_0.prompt from question q1_0 where q1_0.quiz_id=? order by q1_0.id
2026-09-25T01:30:15.381+05:30 DEBUG 19636 --- [online-quiz] [nio-8081-exec-1] org.hibernate.SQL                        : select a1_0.id,a1_0.attempted_at,a1_0.quiz_id,a1_0.score,a1_0.student_id,a1_0.total from attempt a1_0 where a1_0.student_id=? order by a1_0.attempted_at desc
2026-09-25T01:30:15.396+05:30 DEBUG 19636 --- [online-quiz] [nio-8081-exec-1] o.s.w.s.v.ContentNegotiatingViewResolver : Selected 'text/html' given [text/html, application/xhtml+xml, image/avif, image/webp, image/apng, application/xml;q=0.9, */*;q=0.8, application/signed-exchange;v=b3;q=0.7]
2026-09-25T01:30:15.523+05:30 DEBUG 19636 --- [online-quiz] [nio-8081-exec-1] o.s.web.servlet.DispatcherServlet        : Completed 200 OK
2026-09-25T01:30:26.662+05:30 DEBUG 19636 --- [online-quiz] [nio-8081-exec-3] o.s.web.servlet.DispatcherServlet        : GET "/quizzes/1", parameters={}
2026-09-25T01:30:26.670+05:30 DEBUG 19636 --- [online-quiz] [nio-8081-exec-3] s.w.s.m.m.a.RequestMappingHandlerMapping : Mapped to com.example.quiz.QuizController#takeQuiz(Long, HttpSession, Model, RedirectAttributes)
2026-09-25T01:30:26.692+05:30 DEBUG 19636 --- [online-quiz] [nio-8081-exec-3] org.hibernate.SQL                        : select s1_0.id,s1_0.email,s1_0.name,s1_0.password from student s1_0 where s1_0.id=?
2026-09-25T01:30:26.700+05:30 DEBUG 19636 --- [online-quiz] [nio-8081-exec-3] org.hibernate.SQL                        : select q1_0.id,q1_0.description,q1_0.title,q2_0.quiz_id,q2_0.id,q2_0.answer,q2_0.optiona,q2_0.optionb,q2_0.optionc,q2_0.optiond,q2_0.prompt from quiz q1_0 left join question q2_0 on q1_0.id=q2_0.quiz_id where q1_0.id=? order by q2_0.id
2026-09-25T01:30:26.716+05:30 DEBUG 19636 --- [online-quiz] [nio-8081-exec-3] org.hibernate.SQL                        : select s1_0.id,s1_0.email,s1_0.name,s1_0.password from student s1_0 where s1_0.id=?
2026-09-25T01:30:26.723+05:30 DEBUG 19636 --- [online-quiz] [nio-8081-exec-3] o.s.w.s.v.ContentNegotiatingViewResolver : Selected 'text/html' given [text/html, application/xhtml+xml, image/avif, image/webp, image/apng, application/xml;q=0.9, */*;q=0.8, application/signed-exchange;v=b3;q=0.7]
2026-09-25T01:30:26.755+05:30 DEBUG 19636 --- [online-quiz] [nio-8081-exec-3] o.s.web.servlet.DispatcherServlet        : Completed 200 OK
2026-09-25T01:30:33.572+05:30 DEBUG 19636 --- [online-quiz] [nio-8081-exec-4] o.s.web.servlet.DispatcherServlet        : POST "/quizzes/1/submit", parameters={masked}
2026-09-25T01:30:33.580+05:30 DEBUG 19636 --- [online-quiz] [nio-8081-exec-4] s.w.s.m.m.a.RequestMappingHandlerMapping : Mapped to com.example.quiz.QuizController#submitQuiz(Long, Map, HttpSession, Model, RedirectAttributes)
2026-09-25T01:30:33.597+05:30 DEBUG 19636 --- [online-quiz] [nio-8081-exec-4] org.hibernate.SQL                        : select s1_0.id,s1_0.email,s1_0.name,s1_0.password from student s1_0 where s1_0.id=?
2026-09-25T01:30:33.601+05:30 DEBUG 19636 --- [online-quiz] [nio-8081-exec-4] org.hibernate.SQL                        : select q1_0.id,q1_0.description,q1_0.title,q2_0.quiz_id,q2_0.id,q2_0.answer,q2_0.optiona,q2_0.optionb,q2_0.optionc,q2_0.optiond,q2_0.prompt from quiz q1_0 left join question q2_0 on q1_0.id=q2_0.quiz_id where q1_0.id=? order by q2_0.id
2026-09-25T01:30:33.608+05:30 DEBUG 19636 --- [online-quiz] [nio-8081-exec-4] org.hibernate.SQL                        : select s1_0.id,s1_0.email,s1_0.name,s1_0.password from student s1_0 where s1_0.id=?
2026-09-25T01:30:33.615+05:30 DEBUG 19636 --- [online-quiz] [nio-8081-exec-4] org.hibernate.SQL                        : insert into attempt (attempted_at,quiz_id,score,student_id,total,id) values (?,?,?,?,?,default)
2026-09-25T01:30:33.625+05:30 DEBUG 19636 --- [online-quiz] [nio-8081-exec-4] org.hibernate.SQL                        : select s1_0.id,s1_0.email,s1_0.name,s1_0.password from student s1_0 where s1_0.id=?
2026-09-25T01:30:33.631+05:30 DEBUG 19636 --- [online-quiz] [nio-8081-exec-4] o.s.w.s.v.ContentNegotiatingViewResolver : Selected 'text/html' given [text/html, application/xhtml+xml, image/avif, image/webp, image/apng, application/xml;q=0.9, */*;q=0.8, application/signed-exchange;v=b3;q=0.7]
2026-09-25T01:30:33.646+05:30 DEBUG 19636 --- [online-quiz] [nio-8081-exec-4] o.s.web.servlet.DispatcherServlet        : Completed 200 OK
2026-09-25T01:30:38.959+05:30 DEBUG 19636 --- [online-quiz] [nio-8081-exec-5] o.s.web.servlet.DispatcherServlet        : GET "/dashboard", parameters={}
2026-09-25T01:30:38.967+05:30 DEBUG 19636 --- [online-quiz] [nio-8081-exec-5] s.w.s.m.m.a.RequestMappingHandlerMapping : Mapped to com.example.quiz.QuizController#dashboard(HttpSession, Model)
2026-09-25T01:30:38.970+05:30 DEBUG 19636 --- [online-quiz] [nio-8081-exec-5] org.hibernate.SQL                        : select s1_0.id,s1_0.email,s1_0.name,s1_0.password from student s1_0 where s1_0.id=?
2026-09-25T01:30:38.976+05:30 DEBUG 19636 --- [online-quiz] [nio-8081-exec-5] org.hibernate.SQL                        : select s1_0.id,s1_0.email,s1_0.name,s1_0.password from student s1_0 where s1_0.id=?
2026-09-25T01:30:38.990+05:30 DEBUG 19636 --- [online-quiz] [nio-8081-exec-5] org.hibernate.SQL                        : select q1_0.id,q1_0.description,q1_0.title from quiz q1_0
2026-09-25T01:30:38.995+05:30 DEBUG 19636 --- [online-quiz] [nio-8081-exec-5] org.hibernate.SQL                        : select q1_0.quiz_id,q1_0.id,q1_0.answer,q1_0.optiona,q1_0.optionb,q1_0.optionc,q1_0.optiond,q1_0.prompt from question q1_0 where q1_0.quiz_id=? order by q1_0.id
2026-09-25T01:30:39.001+05:30 DEBUG 19636 --- [online-quiz] [nio-8081-exec-5] org.hibernate.SQL                        : select q1_0.quiz_id,q1_0.id,q1_0.answer,q1_0.optiona,q1_0.optionb,q1_0.optionc,q1_0.optiond,q1_0.prompt from question q1_0 where q1_0.quiz_id=? order by q1_0.id
2026-09-25T01:30:39.009+05:30 DEBUG 19636 --- [online-quiz] [nio-8081-exec-5] org.hibernate.SQL                        : select q1_0.quiz_id,q1_0.id,q1_0.answer,q1_0.optiona,q1_0.optionb,q1_0.optionc,q1_0.optiond,q1_0.prompt from question q1_0 where q1_0.quiz_id=? order by q1_0.id
2026-09-25T01:30:39.026+05:30 DEBUG 19636 --- [online-quiz] [nio-8081-exec-5] org.hibernate.SQL                        : select a1_0.id,a1_0.attempted_at,a1_0.quiz_id,a1_0.score,a1_0.student_id,a1_0.total from attempt a1_0 where a1_0.student_id=? order by a1_0.attempted_at desc
2026-09-25T01:30:39.031+05:30 DEBUG 19636 --- [online-quiz] [nio-8081-exec-5] org.hibernate.SQL                        : select q1_0.id,q1_0.description,q1_0.title,q2_0.quiz_id,q2_0.id,q2_0.answer,q2_0.optiona,q2_0.optionb,q2_0.optionc,q2_0.optiond,q2_0.prompt from quiz q1_0 left join question q2_0 on q1_0.id=q2_0.quiz_id where q1_0.id=? order by q2_0.id
2026-09-25T01:30:39.038+05:30 DEBUG 19636 --- [online-quiz] [nio-8081-exec-5] org.hibernate.SQL                        : select s1_0.id,s1_0.email,s1_0.name,s1_0.password from student s1_0 where s1_0.id=?
2026-09-25T01:30:39.046+05:30 DEBUG 19636 --- [online-quiz] [nio-8081-exec-5] o.s.w.s.v.ContentNegotiatingViewResolver : Selected 'text/html' given [text/html, application/xhtml+xml, image/avif, image/webp, image/apng, application/xml;q=0.9, */*;q=0.8, application/signed-exchange;v=b3;q=0.7]
2026-09-25T01:30:39.104+05:30 DEBUG 19636 --- [online-quiz] [nio-8081-exec-5] o.s.web.servlet.DispatcherServlet        : Completed 200 OK
2026-09-25T01:30:39.116+05:30 DEBUG 19636 --- [online-quiz] [nio-8081-exec-6] o.s.web.servlet.DispatcherServlet        : GET "/style.css", parameters={}
2026-09-25T01:30:39.118+05:30 DEBUG 19636 --- [online-quiz] [nio-8081-exec-6] o.s.w.s.handler.SimpleUrlHandlerMapping  : Mapped to ResourceHttpRequestHandler [classpath [META-INF/resources/], classpath [resources/], classpath [static/], classpath [public/], ServletContext [/]]
2026-09-25T01:30:39.121+05:30 DEBUG 19636 --- [online-quiz] [nio-8081-exec-6] o.s.web.servlet.DispatcherServlet        : Completed 304 NOT_MODIFIED
2026-09-25T01:30:43.362+05:30 DEBUG 19636 --- [online-quiz] [nio-8081-exec-7] o.s.web.servlet.DispatcherServlet        : GET "/quizzes/2", parameters={}
2026-09-25T01:30:43.371+05:30 DEBUG 19636 --- [online-quiz] [nio-8081-exec-7] s.w.s.m.m.a.RequestMappingHandlerMapping : Mapped to com.example.quiz.QuizController#takeQuiz(Long, HttpSession, Model, RedirectAttributes)
2026-09-25T01:30:43.379+05:30 DEBUG 19636 --- [online-quiz] [nio-8081-exec-7] org.hibernate.SQL                        : select s1_0.id,s1_0.email,s1_0.name,s1_0.password from student s1_0 where s1_0.id=?
2026-09-25T01:30:43.384+05:30 DEBUG 19636 --- [online-quiz] [nio-8081-exec-7] org.hibernate.SQL                        : select q1_0.id,q1_0.description,q1_0.title,q2_0.quiz_id,q2_0.id,q2_0.answer,q2_0.optiona,q2_0.optionb,q2_0.optionc,q2_0.optiond,q2_0.prompt from quiz q1_0 left join question q2_0 on q1_0.id=q2_0.quiz_id where q1_0.id=? order by q2_0.id
2026-09-25T01:30:43.396+05:30 DEBUG 19636 --- [online-quiz] [nio-8081-exec-7] org.hibernate.SQL                        : select s1_0.id,s1_0.email,s1_0.name,s1_0.password from student s1_0 where s1_0.id=?
2026-09-25T01:30:43.408+05:30 DEBUG 19636 --- [online-quiz] [nio-8081-exec-7] o.s.w.s.v.ContentNegotiatingViewResolver : Selected 'text/html' given [text/html, application/xhtml+xml, image/avif, image/webp, image/apng, application/xml;q=0.9, */*;q=0.8, application/signed-exchange;v=b3;q=0.7]
2026-09-25T01:30:43.439+05:30 DEBUG 19636 --- [online-quiz] [nio-8081-exec-7] o.s.web.servlet.DispatcherServlet        : Completed 200 OK
2026-09-25T01:30:51.373+05:30 DEBUG 19636 --- [online-quiz] [nio-8081-exec-8] o.s.web.servlet.DispatcherServlet        : POST "/quizzes/2/submit", parameters={masked}
2026-09-25T01:30:51.382+05:30 DEBUG 19636 --- [online-quiz] [nio-8081-exec-8] s.w.s.m.m.a.RequestMappingHandlerMapping : Mapped to com.example.quiz.QuizController#submitQuiz(Long, Map, HttpSession, Model, RedirectAttributes)
2026-09-25T01:30:51.388+05:30 DEBUG 19636 --- [online-quiz] [nio-8081-exec-8] org.hibernate.SQL                        : select s1_0.id,s1_0.email,s1_0.name,s1_0.password from student s1_0 where s1_0.id=?
2026-09-25T01:30:51.393+05:30 DEBUG 19636 --- [online-quiz] [nio-8081-exec-8] org.hibernate.SQL                        : select q1_0.id,q1_0.description,q1_0.title,q2_0.quiz_id,q2_0.id,q2_0.answer,q2_0.optiona,q2_0.optionb,q2_0.optionc,q2_0.optiond,q2_0.prompt from quiz q1_0 left join question q2_0 on q1_0.id=q2_0.quiz_id where q1_0.id=? order by q2_0.id
2026-09-25T01:30:51.398+05:30 DEBUG 19636 --- [online-quiz] [nio-8081-exec-8] org.hibernate.SQL                        : select s1_0.id,s1_0.email,s1_0.name,s1_0.password from student s1_0 where s1_0.id=?
2026-09-25T01:30:51.400+05:30 DEBUG 19636 --- [online-quiz] [nio-8081-exec-8] org.hibernate.SQL                        : insert into attempt (attempted_at,quiz_id,score,student_id,total,id) values (?,?,?,?,?,default)
2026-09-25T01:30:51.405+05:30 DEBUG 19636 --- [online-quiz] [nio-8081-exec-8] org.hibernate.SQL                        : select s1_0.id,s1_0.email,s1_0.name,s1_0.password from student s1_0 where s1_0.id=?
2026-09-25T01:30:51.410+05:30 DEBUG 19636 --- [online-quiz] [nio-8081-exec-8] o.s.w.s.v.ContentNegotiatingViewResolver : Selected 'text/html' given [text/html, application/xhtml+xml, image/avif, image/webp, image/apng, application/xml;q=0.9, */*;q=0.8, application/signed-exchange;v=b3;q=0.7]
2026-09-25T01:30:51.424+05:30 DEBUG 19636 --- [online-quiz] [nio-8081-exec-8] o.s.web.servlet.DispatcherServlet        : Completed 200 OK
2026-09-25T01:30:53.223+05:30 DEBUG 19636 --- [online-quiz] [nio-8081-exec-9] o.s.web.servlet.DispatcherServlet        : GET "/dashboard", parameters={}
2026-09-25T01:30:53.231+05:30 DEBUG 19636 --- [online-quiz] [nio-8081-exec-9] s.w.s.m.m.a.RequestMappingHandlerMapping : Mapped to com.example.quiz.QuizController#dashboard(HttpSession, Model)
2026-09-25T01:30:53.236+05:30 DEBUG 19636 --- [online-quiz] [nio-8081-exec-9] org.hibernate.SQL                        : select s1_0.id,s1_0.email,s1_0.name,s1_0.password from student s1_0 where s1_0.id=?
2026-09-25T01:30:53.241+05:30 DEBUG 19636 --- [online-quiz] [nio-8081-exec-9] org.hibernate.SQL                        : select s1_0.id,s1_0.email,s1_0.name,s1_0.password from student s1_0 where s1_0.id=?
2026-09-25T01:30:53.245+05:30 DEBUG 19636 --- [online-quiz] [nio-8081-exec-9] org.hibernate.SQL                        : select q1_0.id,q1_0.description,q1_0.title from quiz q1_0
2026-09-25T01:30:53.248+05:30 DEBUG 19636 --- [online-quiz] [nio-8081-exec-9] org.hibernate.SQL                        : select q1_0.quiz_id,q1_0.id,q1_0.answer,q1_0.optiona,q1_0.optionb,q1_0.optionc,q1_0.optiond,q1_0.prompt from question q1_0 where q1_0.quiz_id=? order by q1_0.id
2026-09-25T01:30:53.251+05:30 DEBUG 19636 --- [online-quiz] [nio-8081-exec-9] org.hibernate.SQL                        : select q1_0.quiz_id,q1_0.id,q1_0.answer,q1_0.optiona,q1_0.optionb,q1_0.optionc,q1_0.optiond,q1_0.prompt from question q1_0 where q1_0.quiz_id=? order by q1_0.id
2026-09-25T01:30:53.254+05:30 DEBUG 19636 --- [online-quiz] [nio-8081-exec-9] org.hibernate.SQL                        : select q1_0.quiz_id,q1_0.id,q1_0.answer,q1_0.optiona,q1_0.optionb,q1_0.optionc,q1_0.optiond,q1_0.prompt from question q1_0 where q1_0.quiz_id=? order by q1_0.id
2026-09-25T01:30:53.261+05:30 DEBUG 19636 --- [online-quiz] [nio-8081-exec-9] org.hibernate.SQL                        : select a1_0.id,a1_0.attempted_at,a1_0.quiz_id,a1_0.score,a1_0.student_id,a1_0.total from attempt a1_0 where a1_0.student_id=? order by a1_0.attempted_at desc
2026-09-25T01:30:53.263+05:30 DEBUG 19636 --- [online-quiz] [nio-8081-exec-9] org.hibernate.SQL                        : select q1_0.id,q1_0.description,q1_0.title,q2_0.quiz_id,q2_0.id,q2_0.answer,q2_0.optiona,q2_0.optionb,q2_0.optionc,q2_0.optiond,q2_0.prompt from quiz q1_0 left join question q2_0 on q1_0.id=q2_0.quiz_id where q1_0.id=? order by q2_0.id
2026-09-25T01:30:53.266+05:30 DEBUG 19636 --- [online-quiz] [nio-8081-exec-9] org.hibernate.SQL                        : select s1_0.id,s1_0.email,s1_0.name,s1_0.password from student s1_0 where s1_0.id=?
2026-09-25T01:30:53.268+05:30 DEBUG 19636 --- [online-quiz] [nio-8081-exec-9] org.hibernate.SQL                        : select q1_0.id,q1_0.description,q1_0.title,q2_0.quiz_id,q2_0.id,q2_0.answer,q2_0.optiona,q2_0.optionb,q2_0.optionc,q2_0.optiond,q2_0.prompt from quiz q1_0 left join question q2_0 on q1_0.id=q2_0.quiz_id where q1_0.id=? order by q2_0.id
2026-09-25T01:30:53.277+05:30 DEBUG 19636 --- [online-quiz] [nio-8081-exec-9] o.s.w.s.v.ContentNegotiatingViewResolver : Selected 'text/html' given [text/html, application/xhtml+xml, image/avif, image/webp, image/apng, application/xml;q=0.9, */*;q=0.8, application/signed-exchange;v=b3;q=0.7]
2026-09-25T01:30:53.305+05:30 DEBUG 19636 --- [online-quiz] [nio-8081-exec-9] o.s.web.servlet.DispatcherServlet        : Completed 200 OK
2026-09-25T01:31:04.680+05:30 DEBUG 19636 --- [online-quiz] [io-8081-exec-10] o.s.web.servlet.DispatcherServlet        : GET "/quizzes/2", parameters={}
2026-09-25T01:31:04.690+05:30 DEBUG 19636 --- [online-quiz] [io-8081-exec-10] s.w.s.m.m.a.RequestMappingHandlerMapping : Mapped to com.example.quiz.QuizController#takeQuiz(Long, HttpSession, Model, RedirectAttributes)
2026-09-25T01:31:04.695+05:30 DEBUG 19636 --- [online-quiz] [io-8081-exec-10] org.hibernate.SQL                        : select s1_0.id,s1_0.email,s1_0.name,s1_0.password from student s1_0 where s1_0.id=?
2026-09-25T01:31:04.702+05:30 DEBUG 19636 --- [online-quiz] [io-8081-exec-10] org.hibernate.SQL                        : select q1_0.id,q1_0.description,q1_0.title,q2_0.quiz_id,q2_0.id,q2_0.answer,q2_0.optiona,q2_0.optionb,q2_0.optionc,q2_0.optiond,q2_0.prompt from quiz q1_0 left join question q2_0 on q1_0.id=q2_0.quiz_id where q1_0.id=? order by q2_0.id
2026-09-25T01:31:04.706+05:30 DEBUG 19636 --- [online-quiz] [io-8081-exec-10] org.hibernate.SQL                        : select s1_0.id,s1_0.email,s1_0.name,s1_0.password from student s1_0 where s1_0.id=?
2026-09-25T01:31:04.710+05:30 DEBUG 19636 --- [online-quiz] [io-8081-exec-10] o.s.w.s.v.ContentNegotiatingViewResolver : Selected 'text/html' given [text/html, application/xhtml+xml, image/avif, image/webp, image/apng, application/xml;q=0.9, */*;q=0.8, application/signed-exchange;v=b3;q=0.7]
2026-09-25T01:31:04.735+05:30 DEBUG 19636 --- [online-quiz] [io-8081-exec-10] o.s.web.servlet.DispatcherServlet        : Completed 200 OK
2026-09-25T01:31:09.301+05:30 DEBUG 19636 --- [online-quiz] [nio-8081-exec-1] o.s.web.servlet.DispatcherServlet        : GET "/dashboard", parameters={}
2026-09-25T01:31:09.310+05:30 DEBUG 19636 --- [online-quiz] [nio-8081-exec-1] s.w.s.m.m.a.RequestMappingHandlerMapping : Mapped to com.example.quiz.QuizController#dashboard(HttpSession, Model)
2026-09-25T01:31:09.314+05:30 DEBUG 19636 --- [online-quiz] [nio-8081-exec-1] org.hibernate.SQL                        : select s1_0.id,s1_0.email,s1_0.name,s1_0.password from student s1_0 where s1_0.id=?
2026-09-25T01:31:09.320+05:30 DEBUG 19636 --- [online-quiz] [nio-8081-exec-1] org.hibernate.SQL                        : select s1_0.id,s1_0.email,s1_0.name,s1_0.password from student s1_0 where s1_0.id=?
2026-09-25T01:31:09.329+05:30 DEBUG 19636 --- [online-quiz] [nio-8081-exec-1] org.hibernate.SQL                        : select q1_0.id,q1_0.description,q1_0.title from quiz q1_0
2026-09-25T01:31:09.333+05:30 DEBUG 19636 --- [online-quiz] [nio-8081-exec-1] org.hibernate.SQL                        : select q1_0.quiz_id,q1_0.id,q1_0.answer,q1_0.optiona,q1_0.optionb,q1_0.optionc,q1_0.optiond,q1_0.prompt from question q1_0 where q1_0.quiz_id=? order by q1_0.id
2026-09-25T01:31:09.336+05:30 DEBUG 19636 --- [online-quiz] [nio-8081-exec-1] org.hibernate.SQL                        : select q1_0.quiz_id,q1_0.id,q1_0.answer,q1_0.optiona,q1_0.optionb,q1_0.optionc,q1_0.optiond,q1_0.prompt from question q1_0 where q1_0.quiz_id=? order by q1_0.id
2026-09-25T01:31:09.342+05:30 DEBUG 19636 --- [online-quiz] [nio-8081-exec-1] org.hibernate.SQL                        : select q1_0.quiz_id,q1_0.id,q1_0.answer,q1_0.optiona,q1_0.optionb,q1_0.optionc,q1_0.optiond,q1_0.prompt from question q1_0 where q1_0.quiz_id=? order by q1_0.id
2026-09-25T01:31:09.351+05:30 DEBUG 19636 --- [online-quiz] [nio-8081-exec-1] org.hibernate.SQL                        : select a1_0.id,a1_0.attempted_at,a1_0.quiz_id,a1_0.score,a1_0.student_id,a1_0.total from attempt a1_0 where a1_0.student_id=? order by a1_0.attempted_at desc
2026-09-25T01:31:09.354+05:30 DEBUG 19636 --- [online-quiz] [nio-8081-exec-1] org.hibernate.SQL                        : select q1_0.id,q1_0.description,q1_0.title,q2_0.quiz_id,q2_0.id,q2_0.answer,q2_0.optiona,q2_0.optionb,q2_0.optionc,q2_0.optiond,q2_0.prompt from quiz q1_0 left join question q2_0 on q1_0.id=q2_0.quiz_id where q1_0.id=? order by q2_0.id
2026-09-25T01:31:09.357+05:30 DEBUG 19636 --- [online-quiz] [nio-8081-exec-1] org.hibernate.SQL                        : select s1_0.id,s1_0.email,s1_0.name,s1_0.password from student s1_0 where s1_0.id=?
2026-09-25T01:31:09.360+05:30 DEBUG 19636 --- [online-quiz] [nio-8081-exec-1] org.hibernate.SQL                        : select q1_0.id,q1_0.description,q1_0.title,q2_0.quiz_id,q2_0.id,q2_0.answer,q2_0.optiona,q2_0.optionb,q2_0.optionc,q2_0.optiond,q2_0.prompt from quiz q1_0 left join question q2_0 on q1_0.id=q2_0.quiz_id where q1_0.id=? order by q2_0.id
2026-09-25T01:31:09.367+05:30 DEBUG 19636 --- [online-quiz] [nio-8081-exec-1] o.s.w.s.v.ContentNegotiatingViewResolver : Selected 'text/html' given [text/html, application/xhtml+xml, image/avif, image/webp, image/apng, application/xml;q=0.9, */*;q=0.8, application/signed-exchange;v=b3;q=0.7]
2026-09-25T01:31:09.384+05:30 DEBUG 19636 --- [online-quiz] [nio-8081-exec-1] o.s.web.servlet.DispatcherServlet        : Completed 200 OK
